name,age,street,city,state,zip,lng,lat
Mary Johnson,18,24636 Jacqueline Ford,West Sara,Ohio,98833,-40.548110,13.381958
Brittany Garcia,37,0209 Warren Canyon Apt. 243,South Arthurfurt,Idaho,11656,-22.697973,-6.6888065
Charles Douglas,62,75825 Kelly Lodge,Thompsonfort,Kansas,70435,-22.589778,-9.7394515
Megan Guerrero,70,03142 Adriana Corner Apt. 552,Matthewsside,Maryland,65107,60.727631,-15.0602505
Michelle Clayton,66,26399 Erickson Lane,Saraborough,Massachusetts,32874,-24.789566,-88.447368
Heather Kennedy,22,1539 Gray Island,Williamsfort,Pennsylvania,77918,-46.938193,4.0512285
Norman Ramsey,37,0792 Brittany Bypass,North Wandaland,Ohio,96150,-58.861290,65.880561
Anthony Branch,36,16556 Ramirez Square,Kathybury,South Dakota,02256,-46.091207,83.668206
Valerie Thomas,38,5132 Terry Village,Bellmouth,Rhode Island,72005,-85.493879,-16.736414
Jeffrey Campos,74,579 Amy Ferry,Dustinshire,Arizona,80901,160.111295,53.617847
Cory Swanson,22,1529 Collins Grove,Hughesside,Illinois,85954,-178.048353,12.7556175
William Barnes,70,02060 Ricky Circle,West Parker,South Dakota,64900,-1.145169,-42.850534
Russell Turner,42,136 Bruce Gateway Suite 118,Charleston,Maine,72793,-42.440463,-30.9134825
Erik Smith,79,768 Travis Circles,North Sharon,New Hampshire,99512,-35.197960,-73.286264
Laura Ward,47,63161 Glover Hollow,Lake Williamland,Oklahoma,00686,56.640656,-81.669203
Brent Marshall,72,1299 Sellers Circle Suite 825,North Sheila,Minnesota,49255,21.473508,50.256268
Carlos Salazar,37,92634 Alvin Hollow Suite 419,Nathanmouth,Kentucky,46990,-165.016447,-88.3507675
Rebecca Clay,18,19479 Michael Mountains Apt. 932,East Meganshire,Virginia,07571,-41.409628,31.5611485
Angela Boone,64,32293 Anthony Rue Apt. 748,Lake Dianaberg,Michigan,06226,-166.229884,35.490707
Rebecca Ramos,55,29449 Collins Villages,Jimenezshire,Maryland,51257,-85.170648,26.3821225
Stephen Brown,39,283 Jones Square,Deborahport,Colorado,94282,-158.820200,58.789973
John Taylor,58,30653 Sean Isle,Stephensview,Missouri,48842,35.695129,-4.4448195
Olivia Galloway,48,809 Harris Manor Suite 205,North James,Colorado,59841,73.089593,-77.430893
David Jackson,62,438 Adkins Summit Suite 519,North Johnathanville,Nevada,19304,176.338434,-28.8571175
Donna Mueller,69,3792 Deborah Underpass Apt. 001,New Holly,Washington,25054,-123.599637,-16.170142
Lonnie Clark,74,635 Michelle Pike,South Jacobhaven,Washington,40107,47.041729,26.5598165
Matthew Weber,44,2095 Weiss Circle Apt. 586,Lake Randy,Vermont,36708,41.131777,-10.932358
Casey Rodriguez,22,857 Austin Lakes Suite 245,New Carlos,New York,37143,-60.703368,35.4942215
Maxwell Marshall,69,6366 Tara Manors Apt. 139,Garciaborough,California,60915,-127.276041,28.492985
Colton Tucker,53,5239 Stephens Plains Suite 802,Arianaburgh,Colorado,15514,25.383126,60.785779
Alison Lee,78,423 Barry Landing,Lloydview,Rhode Island,49642,136.085778,44.951518
Frederick Banks,20,9095 Emily Drive Suite 506,South Sheilafurt,Vermont,17004,-91.642947,-41.977243
Lance Li,26,1592 Singh Curve,West Christianborough,Arkansas,27728,2.575267,-47.745794
Ryan Glover,18,88820 Rebecca Hills Apt. 607,Jenniferfort,New York,65510,-112.508576,24.2119795
Anthony Lewis,59,1731 Matthew Drive Apt. 310,South Markhaven,Kentucky,51993,159.469694,-3.8995735
Rachel Price,36,084 Eric Cove,Wrightborough,New Hampshire,18253,-54.174245,-53.1981925
Rebecca Robinson,24,21021 Tammy Lake,Lake Isaacside,Illinois,30948,13.702467,-34.5565285
Joshua Reid,33,727 Kennedy Forest Suite 153,Terryborough,South Dakota,23440,-73.171131,44.270281
Joshua Shepherd,71,32731 Dunn Ports,West Jason,Kentucky,81279,-161.641645,-88.1740735
Lynn Mills,27,4334 Jones Alley,Wrightberg,Delaware,73544,-156.872308,9.5769615
Sean Brown,31,30265 Jason View,Lake Mary,Utah,41701,135.906760,39.9822565
Timothy Allison,21,392 Wagner Plaza Suite 503,Williamsside,North Carolina,86404,-110.262884,-32.0033275
Alexander Mcdonald,31,434 Cindy Harbor Suite 540,Leonardshire,Oregon,24044,118.734411,7.4943325
Gary Roberson,35,698 Santiago Wall,Stevenport,Massachusetts,94490,170.356003,34.5045415
Richard Spencer,52,56373 Green Squares,East Susan,South Dakota,55654,49.080060,-28.329054
Michael Turner,75,3337 Duke Spur,West Dawn,Michigan,29229,75.373757,72.9153505
Thomas Stewart,78,6450 April Pines,Lake Williamfort,New Hampshire,40116,-116.468137,71.576461
Kristine Evans,37,477 Regina Point,Bauerton,Florida,32406,61.253296,23.163765
Diana Lawrence PhD,71,220 Melissa Gardens,Phillipsborough,New York,93938,164.341127,-60.719532
Michelle Cooper,48,54286 Butler Plaza Suite 794,Barberburgh,Arizona,66347,135.598162,52.3740825
Scott Bates,65,42244 David Manors Suite 739,South Michaelfurt,Utah,63629,-30.675013,59.726724
Emma Ramirez,58,75328 Bailey Course,Andrefort,New Mexico,56771,-33.764467,-3.686399
Mary Morris,70,9189 Harding Rapids,Wilsonville,Arkansas,53061,-90.837530,-30.4369665
Kristy Mason,31,3047 Laura Junction Suite 312,Schultzshire,Wyoming,70574,-41.984360,-16.6551615
Stephanie Bush,71,84531 Melissa Plain Apt. 547,North Johnmouth,Oklahoma,28619,42.118412,23.6969935
Ian Shepherd,75,26003 Pittman Curve,Housemouth,Nebraska,39453,9.387355,30.346374
Brenda Rose,64,200 Zhang Terrace Apt. 498,Taylorton,South Carolina,53912,-39.437839,65.589991
Erika Williams,76,35674 Suzanne Ford,New Louis,Rhode Island,81677,146.177005,57.9387135
Anthony Stevens,62,79098 Timothy Fords,West Thomas,Oregon,33754,-158.942452,-86.4644295
Bryan Shelton,77,47599 Robinson Rest Apt. 481,Stevenmouth,Arizona,76848,-158.495209,-1.368217
Douglas Butler,22,80002 Adams Crest Suite 904,Keithside,New Hampshire,35478,-35.284652,56.390373
Daniel Ryan,60,5114 Joseph Dam Apt. 762,Lake Tracy,Pennsylvania,19908,-78.663384,68.6444855
Christopher Delacruz,64,0049 Tiffany Inlet Apt. 977,Henrychester,Virginia,01113,-123.615384,21.7655415
Anthony Andrews,35,5761 Eric Island,Port Angela,Iowa,79375,-122.639311,-47.0495395
Daniel Davis,66,071 Leon Forest,Christopherton,Connecticut,52239,-67.702473,-45.9374265
Kristopher White,48,9793 Nelson Glens Suite 450,Port Kristenbury,West Virginia,33143,-147.409265,-33.4283835
Angel Clark,62,22301 Fisher Overpass Suite 617,New Andrew,New Jersey,21564,177.199089,72.7221095
Shannon Davis,25,03235 Michelle Viaduct,Nicolechester,Pennsylvania,45009,8.688534,48.283627
Heather Barr,33,272 Joshua Islands,Simmonsshire,Idaho,47812,43.914622,-45.032756
Aaron Ingram,57,09894 David Gardens,Coopermouth,Arizona,76571,176.989079,-50.7367885
Victoria Hardin,78,2884 Melissa Cliffs Apt. 297,Caitlinland,Illinois,11567,-98.996307,27.099795
Jamie Aguilar,28,46061 Carroll Squares Apt. 438,West Jeffery,Tennessee,71771,67.463823,-28.018950
Jackie Smith,68,390 Wendy Unions,Derekstad,Kansas,32940,96.999729,-64.6984415
Paul Ford,47,425 Lopez Turnpike,Port Michaelfort,Colorado,23917,-4.931023,7.4738205
Henry King,48,482 Vincent Turnpike Suite 373,Bryantville,North Carolina,41859,-39.191736,44.429903
Mr. Christopher Morgan,52,055 Danielle Branch,North Briana,Maine,46286,18.810879,-79.177723
Tiffany Smith,80,1106 Linda Stream,North Cody,Washington,73057,128.679528,10.972360
Michael Walters,22,28755 Newman Lights,East Kayla,West Virginia,31966,135.867215,-25.684749
Karina Wilson,40,966 Vanessa Crest,Port Jonathan,Oklahoma,62776,-35.487542,-89.8750465
Jesus Floyd,25,8377 Howard Ford Suite 623,West Ann,Kentucky,05375,65.247726,-62.235883
Joseph Ruiz,48,2619 Timothy Knoll,Christopherland,South Carolina,65678,-98.604505,-13.617041
Adam Clark,27,97104 Saunders Mission,Port Krystalberg,Oregon,28624,-106.026507,-19.3286525
Alison Ray,55,9485 Robert Centers Suite 375,Lake Kayla,California,88717,-109.257818,46.203483
Juan Lawson,70,806 Heidi Track Suite 357,South Michellemouth,Arkansas,05840,87.465881,-8.3368945
Melody Joyce,74,27676 Price Crossroad Suite 020,South Joseph,Maryland,76382,117.680432,-11.9105745
Charles Armstrong,35,9451 Stephen Harbors Apt. 228,Johnsonmouth,Idaho,78925,95.009003,26.073011
Frank Buck,65,287 Kim Skyway Apt. 730,Port Sara,Alaska,01516,108.834898,-33.3254335
Kenneth Smith,71,052 Ricardo Inlet Suite 004,Johnburgh,Nevada,51169,122.063124,40.608374
Katie Robinson,67,1402 Page Loaf,East Toni,Wyoming,05886,-109.271896,-9.838090
Joyce Little,62,925 Eric Skyway Apt. 613,New Gary,Vermont,98132,86.108862,-38.9334365
Alexandra Tyler,25,62335 Moon Ports,Port Rodney,Oklahoma,55307,137.705550,-48.4541415
Karen Wu,40,1407 Eaton Mission Apt. 994,Josephchester,Michigan,34650,146.635031,-66.1818415
Charles Le,52,573 Landry Key,Port Janiceshire,North Dakota,27589,64.940749,43.9066295
Jacob Kelly,50,541 Nathan Glen Suite 483,Charlesbury,Missouri,70152,-125.666592,-40.8397025
Victor Harrell,30,418 Wilson Ville Suite 155,Silvaton,Wisconsin,12091,170.982537,78.216083
Jocelyn Mcintosh,69,9514 Phillips Common Apt. 708,West Susan,Idaho,31849,-16.963823,-60.8935645
Kyle Hardy,60,6393 Andrea Way Suite 336,Lake Kristenberg,Iowa,20274,105.197110,22.919562
Matthew Donaldson,69,9660 Jay Islands Apt. 308,Williamsbury,Arkansas,76826,-58.371744,85.873778
Christopher Chang,30,544 Tami Views Suite 141,New Randy,Delaware,38013,-173.211701,52.4441425
Steven Coffey,46,6356 Estrada Shores Suite 923,New Erin,New York,76185,-121.621503,-51.895430
Tiffany Jacobson,35,64882 Thomas Isle Apt. 624,Ruizchester,Minnesota,34412,31.891097,38.1426955
Heather Harmon,78,06909 Stewart Spring Suite 428,Port Lorimouth,South Dakota,20735,47.138068,49.294166
Courtney Lewis,33,6819 Rebecca Knoll Suite 738,Mirandastad,Rhode Island,63519,-77.746528,58.325405
Seth Hickman,35,859 Higgins Viaduct,Angiehaven,Washington,92927,88.518871,39.6374425
John Garcia,71,6492 Little Mills,Gregoryport,Oregon,39038,-144.314166,62.625808
Candice Anderson,79,15807 Roy Flats,Baldwinland,Rhode Island,24945,-64.034247,56.0146455
Robert Calderon,34,786 Wilson Lock,Gillespietown,Utah,01978,42.405101,-31.217745
Stacey Cook,32,249 Lisa Overpass Suite 101,Desireeshire,Kentucky,74506,-116.392674,20.357428
Joshua Landry,71,06888 Rhodes Dale,East Amandaborough,New York,50433,-59.603531,55.793147
Lisa Nash,63,06607 Wiggins Key,New Leonardbury,Kentucky,00808,50.963753,-65.3270145
Elizabeth Acosta,55,137 Adam Knolls Suite 104,West Dean,Vermont,57120,-102.788828,-50.7528735
Samantha Lynch,67,700 Newman Parkway Apt. 318,South Brandymouth,New York,72611,129.230078,-12.471207
Timothy Williams,21,4913 Sherry Loop Suite 818,East Susanshire,South Dakota,41318,110.987751,42.663615
Tanner Wright,39,001 Green Drives Apt. 264,South Jacqueline,North Dakota,10628,-15.380519,-18.438918
Erica Hill,32,8290 Martinez Estates Apt. 025,West Caitlinmouth,Montana,44721,1.744939,-67.641120
Amy Mcdonald,51,35612 Michelle Harbor,Mooreville,Maryland,55962,67.839135,20.787323
Katherine Price,26,4179 Leslie Mission,West Christopher,California,71332,-141.881907,31.1367865
Scott Scott,24,2022 Russell Forge Apt. 861,Port Francisco,Missouri,60937,130.461577,43.158579
Allen Long,50,7051 Aaron Prairie Suite 222,West Lisastad,Georgia,77306,-144.734021,-46.8942045
Kari Martin,73,1990 Christian Brook,Stephenland,Connecticut,25131,-145.687879,-86.906429
Lisa Pope,19,793 Rodriguez Crossroad,Port Benjaminburgh,Idaho,96717,139.421690,-6.780737
Kimberly Anderson,22,9070 Elizabeth Point,South Ronnie,Iowa,07398,73.712754,67.7829135
David Meyer,65,869 Nicholas Street Apt. 720,Normanborough,Tennessee,68741,-40.212060,-87.179512
Brian Hartman,58,18193 Michael Mills Suite 547,North Derekfort,Wyoming,24272,-172.464326,-76.9957035
Mrs. Makayla Gomez,54,839 Kimberly Stream,New Wanda,Tennessee,67423,69.635491,-62.4227265
Jennifer Hall,45,0485 Ryan Mills Apt. 651,Jasonshire,Nebraska,90532,75.874843,60.971470
Amanda Duncan,80,26002 Brad Tunnel Apt. 098,Lake Branditon,Nebraska,93726,89.433774,-0.1074355
Brandon Simpson,31,8536 Torres Run,Martineztown,North Dakota,67785,-111.492783,40.148628
Adriana Griffin,57,3146 Kristopher Hills,Brandichester,Illinois,16815,56.129687,-69.1923355
Sierra Richard,54,7009 Tyler Path Apt. 277,Swansonton,Florida,94025,146.052050,-15.0453595
Mrs. Sarah Kline,75,280 William Loaf Suite 756,North Erikaville,Virginia,48790,-127.325323,49.859741
Shawn Blackwell,41,88254 Pena Brooks Apt. 045,New Patriciastad,Ohio,14341,77.409548,-68.5293345
Dana Hunt,19,33268 Michael Trace Apt. 236,Morastad,Minnesota,22000,53.654827,-57.9113475
Vanessa Carlson,40,8706 Rachel Lane,Moonshire,Colorado,26452,115.147745,25.075212
Michael Aguilar,79,400 Tina Ridge Apt. 486,North Brandonland,North Carolina,41700,-100.917573,-44.4852755
Vincent Murray,34,79948 Mcdonald Crossing Suite 635,Amandaborough,Tennessee,90470,84.482919,43.422378
Stacy Miller,75,769 Jeremy Way,West Kathrynborough,Tennessee,43721,-55.328552,-33.7540195
Frank Murphy,27,8782 Mcknight Port,Port Brian,Tennessee,25060,164.362691,-45.197290
Tommy Palmer,56,9279 Nicole Lights Suite 952,Morrisonport,Michigan,88927,-112.534067,-52.921848
Jacob Ritter,52,9203 Christina Light Apt. 931,Davidstad,Wisconsin,07927,-163.509764,88.793991
Eric Allison,71,15322 Teresa Bridge Suite 031,Nicholasmouth,Tennessee,62387,14.769732,-56.701817
Richard Cook,77,907 Edwards Loop Suite 875,West Monicaview,Massachusetts,18428,136.683985,40.565908
Sarah Murphy,53,101 Baker Drive Apt. 343,Paulmouth,New Hampshire,73716,-138.347986,52.2212045
Douglas Martin,52,21033 Jimmy Dam Suite 059,Byrdfurt,Kansas,21768,-157.700268,64.833864
William Johnson,45,99847 Cunningham Station,West Jeffreyton,Texas,41062,117.922884,-26.597362
Eric Hughes,51,8904 Cynthia Coves Apt. 475,Michelleville,Massachusetts,32676,-57.212550,62.5676465
Christopher Thomas,56,03546 Brent Pike,Tinamouth,Arkansas,58324,93.070631,3.3736115
Ashley Dean,22,1249 Perez Hollow Apt. 182,North Paulburgh,North Carolina,32900,33.964811,-69.8952205
Haley Williams,33,738 Joseph Circle,West Stephanieton,Utah,18587,57.356363,-30.246438
Timothy Fisher,51,9509 James Plaza Apt. 026,New Mark,Idaho,88239,-121.027003,82.441840
Jennifer Rice,64,7657 Amanda Villages Apt. 570,Johnsonside,Kentucky,60671,133.735624,-35.484605
David Jacobs,63,916 Martinez Vista Suite 505,Melissafurt,Nevada,49851,75.615849,82.4279125
Brian Perez,64,588 Cheryl Crescent Apt. 500,Figueroamouth,West Virginia,19212,30.380718,-22.2775675
Casey Hubbard,41,825 Tina Dale,Emilyberg,Utah,94028,91.962944,-15.356992
Heather Gonzalez,55,68564 Sanchez Trail,South Marcus,New Hampshire,96469,95.377684,-53.4326645
Wayne Rivers,71,02329 Andrea Manors,Lake Richard,Vermont,50263,-124.051544,66.4813275
Angela Turner,80,45538 Lisa Greens Suite 811,New Barbara,Alabama,91658,83.244903,44.991630
Michael Anderson,21,5509 Daniel Tunnel Suite 178,East Barbaraland,Indiana,04095,-155.178602,-0.7000065
Bruce Ayala,76,883 Becker Wall,South Barbara,Washington,14261,-175.136358,19.2150895
Christina Flores,70,65801 Lewis Ports,Jacksonport,New York,28174,41.881789,-86.4759185
Alexander Hoover,61,3370 Ashley Tunnel,Garrettview,Washington,88224,31.265325,18.7893845
Samantha King,59,942 Joann Valleys,Matthewton,Texas,89746,44.467565,87.0370495
Tiffany Harris,77,6545 Gonzalez Port,Tinaville,Montana,40552,-171.020691,20.9491065
Mrs. Bailey Smith MD,41,78422 Taylor Dam,Barronview,New Mexico,33179,-30.712447,3.8581815
Brian Vincent,59,1062 Butler Parkways,Jacksonton,Utah,57943,108.496245,28.561659
Raymond Li,47,2691 Randy Pass,Lake Gregory,Florida,33747,-69.407898,-39.8769715
Kathryn Cole,42,0997 Johnson Brooks Suite 489,Kelseyport,Idaho,99709,-8.597537,-88.399840
Kayla Hernandez,36,88505 Cochran Crescent,Kyleburgh,Colorado,14269,-86.039927,-57.261283
Heidi Webster,46,3468 Diane Mews,East Nicholas,Missouri,85643,142.153241,87.011045
Phillip Sanchez,66,9488 Santana Plaza,North Sheena,Louisiana,96848,-47.656986,48.528137
Shannon Vega DDS,18,3745 Eileen Port,North Jeffrey,North Dakota,65055,-68.291399,41.274257
Tammy Daniel,55,52364 Marcus Road Suite 754,Michaelville,Nevada,26216,146.638664,-52.9938135
Kurt Ball,28,9138 Thompson Viaduct Apt. 706,Deannaburgh,Kentucky,55725,-130.578998,-19.811989
Sarah Vazquez MD,73,465 Brown Forge Suite 944,Norrischester,Arizona,97869,-48.869284,61.935350
Brittany Long,65,841 Garrison Shoal Suite 908,South Ann,Maine,72698,13.761666,20.580333
Tammy Flores,50,57622 William Landing,Smithville,Nebraska,71736,-59.615063,7.290368
James Sullivan,78,68403 Kathleen Expressway,Millermouth,Michigan,81387,114.153926,-65.884473
Kevin Poole,71,77916 Yolanda Forges,West Katieburgh,New Mexico,56845,154.003055,-3.974822
Andrea Valenzuela,38,0585 Jacob Drive Apt. 446,Elizabethville,Arizona,13638,-74.802469,-14.3809085
Rebecca Hernandez,61,0693 Mccann Forks,North Philliptown,Tennessee,23952,-103.458536,2.077106
Douglas Ellis,60,88049 Ariana Springs Suite 317,Careyshire,New Mexico,91535,-130.922370,16.611719
Danielle Powell,41,613 Brewer Creek Apt. 657,East Kristinaside,Nebraska,00589,147.918377,73.303979
Kevin Vasquez,40,5402 Riddle Mews,New Lisa,South Carolina,30930,3.985442,-83.4488585
Evan Jones,34,119 White Shoal,East Morganland,Colorado,48240,-130.991048,66.891532
Luke Brooks,31,192 Timothy Forest Apt. 665,New Annabury,South Dakota,05003,-21.291939,55.482629
William Mcdonald,66,184 Meyer Shoal Apt. 957,Lake Levimouth,Kentucky,58924,69.968696,41.8528715
Vanessa Anthony,41,1063 Joseph Estates Apt. 361,Donaldsonfort,Wisconsin,42703,-112.717318,89.559642
Ricardo Gallagher,57,94887 Autumn Avenue Apt. 587,Sarahchester,Idaho,30660,18.726768,-9.860659
Nicholas Rojas,73,357 Dennis Valleys,South Joshua,Illinois,80572,73.023332,-39.865668
Albert Elliott,55,926 Shannon Cape,West Lisa,North Carolina,53475,-107.209154,52.771375
Danielle Benson,78,965 Erin Harbor,Rayland,Indiana,31184,-96.117921,-41.569704
Mark Gonzalez,57,04306 Mary Forks Apt. 677,Port Seanhaven,Washington,36033,34.591774,-59.0364935
Mark Mejia,66,934 Vincent Skyway Suite 443,Aliciachester,South Carolina,35678,158.886954,86.6756115
Jessica Yang,42,7125 Pena Manor,Josephchester,Ohio,69755,-0.799423,11.559554
Stephanie Hall,56,052 Angela Pines Suite 168,New Sandraport,Kentucky,77451,-164.048057,42.344500
Claudia Riddle,31,225 Tyler Turnpike,Port Davidland,North Carolina,90556,-119.438225,8.0231975
Laura Duffy,75,765 Gary Village,North Lisaview,Utah,71825,-119.987515,33.703936
Elizabeth Mcdonald,23,4766 Amanda Crest,Ericaville,California,73738,107.672839,-54.7608865
Randy Young,50,095 Adams Pine Suite 882,South Jenniferhaven,Louisiana,05918,-89.439528,89.9687695
Laura Li,50,64582 Carpenter Streets Apt. 464,Ortegabury,Arkansas,58649,-42.776132,17.435678
Amy Orozco,59,6762 Taylor Mount Apt. 362,Lake Joseph,Kansas,98172,-8.371027,-66.0733825
Ellen Mays,31,52946 Nguyen Curve,New Julia,New Mexico,26029,21.819550,-63.8559455
Taylor Peck,63,832 Smith Shoals Suite 313,Matthewhaven,Arizona,80412,58.729786,44.4760965
Patrick Young,28,6787 Stephanie Extension,West Melissa,Minnesota,06840,-99.370779,-69.4670475
Rebecca Rivera,78,538 Michael Drive Apt. 332,Janeside,New York,84647,110.352299,-26.4140105
Jennifer Marsh,70,7240 Gary Locks Suite 067,New Alexander,North Dakota,55748,-173.744949,-55.871136
Erin Mccoy,25,1434 Frederick Mews Suite 769,West Donnaview,Arkansas,12192,158.273211,-67.8303145
William Weaver,38,30345 Linda Islands Apt. 958,Duranport,North Dakota,34192,-2.490270,20.494755
April Barron,53,28076 Veronica Mills Apt. 620,Sarachester,Maine,29824,24.820528,-43.5557545
Benjamin Mitchell,53,4055 Matthews Loaf,West Danielmouth,Alabama,81923,-65.368624,52.5710605
Benjamin Gonzales,33,01999 Cardenas Rapids,Castilloshire,South Dakota,93864,-76.933129,-1.991803
Jason Green,23,019 Stephanie Stravenue Suite 972,Sarafurt,Indiana,02018,-89.797579,-58.756073
Peter Price,74,676 Liu Cliff,West Brandonberg,Nebraska,05988,72.396802,72.9921405
James Farrell,35,460 Williams Cliff Suite 751,North Jenniferberg,South Dakota,18241,117.498116,-48.177174
Robert Lopez,48,429 Ellen Fords Apt. 039,East Ginatown,Kentucky,89224,-33.593906,-11.714838
Blake Davis,44,1916 Rebecca Cape Suite 202,Rodgersfurt,New Hampshire,96670,30.451777,59.4235725
Christian Moore,23,391 David Road Apt. 576,Port Erica,New Hampshire,28846,-169.437887,30.9508485
Amanda Morales,52,810 Wells Highway Suite 196,Thomasside,Arizona,60548,160.911581,-24.6565125
Kristina Hensley,44,259 Lloyd Landing Suite 425,Holderport,Washington,95355,134.500735,10.786344
Brian Fields,55,84115 Rebekah Brooks Suite 417,Jeffreystad,Rhode Island,06634,-5.058459,-65.7451795
Danielle Atkins,43,57139 Ward Expressway Suite 606,Cortezbury,Michigan,08293,150.173534,37.5438055
Joseph Baker,42,7340 Sandra Lock,Powelltown,New Jersey,93207,-131.614256,-26.129437
Michael Patel,45,57491 Hall Centers,East Melissa,Louisiana,46009,65.125719,56.3432445
Richard Davenport,75,8286 Tammy Meadows,North Jennifer,New York,06230,-109.144722,-75.230813
Dr. Sharon Arellano,72,065 Park Mall Suite 756,South Laurenshire,Nebraska,18477,52.678111,67.6402135
Stacey Chavez,22,56983 Harper Squares Apt. 981,Lake Cynthia,West Virginia,82335,-120.075255,35.1942445
Lisa Morrison,28,24950 Patel Shoal Apt. 979,Vincentfurt,South Dakota,27809,50.070586,-45.8142795
Rachael Gonzalez,59,7197 Dale Extension Suite 830,Geoffreytown,Maine,64798,-9.856180,44.121533
Chad Long,55,925 Grimes Union,Port Christopherhaven,New Mexico,11953,143.535533,15.729674
Kenneth Martin,35,1113 Vazquez Harbor Suite 431,South Kayla,Arizona,23711,90.223815,-20.792744
Drew Burns,33,61220 Rich Mills Suite 105,North Meredithhaven,Rhode Island,73923,82.292909,73.1726035
John Flores,61,208 Barnes Station,Jenniferberg,Arkansas,39599,-153.655625,-70.629649
Anthony Williams,66,6539 Samantha Prairie Apt. 955,New Richard,Pennsylvania,92840,-88.387620,80.8225425
Eric Mcdowell,57,928 Henderson Circle Suite 640,Michellemouth,Arkansas,87794,109.530159,-18.027382
Kimberly Gutierrez,43,8343 Sarah Lakes,Port Sonya,Pennsylvania,83560,-86.726360,30.6111075
Joshua Dixon,29,41233 Watson Forest,South Chelseabury,South Dakota,50093,-95.785132,-58.972210
Adam Smith,38,62529 Fields Brook,Batesberg,Arizona,14336,-81.969082,64.3706975
Daniel Gordon,68,4530 Holden River Suite 663,Jonesview,Minnesota,03297,1.420630,-24.889057
Tamara Griffin,39,830 Howard Shore,New Marcus,Indiana,12169,19.366458,3.959392
Jennifer Sims,75,7689 Schaefer Mountains Apt. 435,Williamfort,Tennessee,51557,-162.731028,-35.8308685
David Bright,49,238 Smith Run,Connieborough,Illinois,80007,-107.076245,-6.333536
Christopher Calderon,24,500 Miguel Plain,Johntown,New Jersey,93851,82.691201,29.4136705
Larry Harrison,58,63488 Wade Coves,Lewisstad,West Virginia,39499,-100.440847,-40.2196445
Steven Garcia,28,3049 Anthony Pines,Davidville,Delaware,81866,-74.438924,17.9192385
Barbara Gonzalez,25,4072 Garcia Coves Suite 685,Scottfort,Illinois,07977,98.475880,65.8213855
Cynthia Mills,78,33619 Nguyen Oval,New Zoe,Connecticut,76286,-164.124402,-81.258622
Mr. Bryan Vaughn PhD,49,929 Monica Path Apt. 557,Port Courtney,Wisconsin,94970,-160.288707,-80.0927865
Kenneth Johnson,52,422 Ortiz Points,Changfort,Vermont,05112,150.270941,13.9819255
Dr. Anna Reyes MD,29,3740 Harrison Corner Apt. 510,Rodriguezburgh,Maine,84617,-101.463946,-38.2964365
Rodney Cortez,47,2853 Burns Plaza Suite 623,North Jordanport,West Virginia,26258,144.075669,-7.9269325
Diane Lee,20,5199 Roberts Mountains,East Dustin,Pennsylvania,36563,11.385671,-77.030086
William Yoder,64,56789 Lisa Canyon Apt. 537,Port Robertville,Tennessee,40048,137.936897,8.040328
Amanda Harris,64,42953 Lewis Inlet Apt. 015,Lindseyfort,South Carolina,67372,158.764435,58.0899405
Sandra Jackson,24,82018 Smith Cove Suite 294,Norriston,Idaho,96986,-117.422705,2.1156035
Suzanne Sullivan,37,76772 Kane Isle Apt. 068,North Jennifer,South Dakota,57066,165.879753,-54.996404
Michelle Peters,36,439 Nathaniel Burgs Apt. 583,Williamsport,Maryland,80546,71.482627,-16.112708
Chase Vasquez,42,835 Hawkins Manor,East Brent,Kentucky,74454,102.953287,64.366233
Cynthia Garcia,74,8651 Jones Lodge Apt. 204,South Kathrynport,Iowa,29286,-177.554528,-19.4401585
Gina Lara,67,6043 Thomas Meadow Suite 169,Nguyenburgh,Indiana,69519,-6.904400,30.984273
Bruce Holt,69,465 Martinez Locks,Reedfort,Connecticut,27873,-19.913684,58.451280
Betty White,68,929 Roman Mill Suite 166,Port Tinachester,Nebraska,27556,-127.640433,-64.9683105
Regina Estrada,78,245 Stark Park,West Stevenborough,California,20762,-151.311313,-77.0798165
Albert Wilson,45,42999 Kenneth Rest,Port Anna,Wyoming,31635,-95.861873,-20.2206335
James Smith,68,1718 Rebecca Fort Suite 939,Garymouth,New Jersey,79568,-118.792227,-27.890447
Jennifer Ortiz,70,573 Andrea Road Suite 025,Lake Jason,Virginia,79750,109.283096,-5.597578
Gabriel King,72,7593 Randall Falls,Lake Ronaldstad,Maryland,50895,-10.797268,29.734684
James Ramirez,63,638 Gilbert Glen,Maryport,Kansas,53502,-159.304843,-73.043198
Kara Cooper,38,748 Sabrina Ramp,West Robertchester,Alabama,83405,-56.194161,45.8506305
William Sparks,68,2384 Nelson Islands,South Casey,Massachusetts,10680,-31.306757,36.8888785
Sarah Rivera,79,64268 Randall Street,Lucasborough,New Hampshire,15261,-59.115651,-25.4832835
Laura Morrison,45,8309 Vargas Throughway Apt. 227,Melindatown,Delaware,07451,-100.395442,-81.5383465
Briana Davis,26,02113 Bennett Wells Suite 884,Paulchester,Michigan,91281,-177.079089,38.0915605
Brendan Jackson,21,4924 Bradford Rapids Suite 132,Wheelerville,New Jersey,45999,102.476518,-0.319326
Kaitlin Palmer,33,138 Calhoun Tunnel,Dickersontown,North Dakota,36023,-86.010718,1.4713115
Brian Rivera,24,14889 Brandon Loaf,North Brandonport,Idaho,63394,-92.324428,-28.4397145
Diane Palmer,23,7874 Brewer Groves Apt. 119,Lake Nancy,Colorado,15046,-178.223008,8.3376115
Kelly Massey,69,944 Heather Path Suite 089,East Shelley,Maine,66066,-151.928241,-26.7970395
Gary Richards,55,64025 Richards Cove,North Charles,Idaho,41602,-107.013136,55.595506
Alicia Petersen,37,317 Richard Route Suite 505,New Kevinmouth,Oklahoma,68813,-99.990700,-84.854060
John Allen,77,0847 Chad Ranch,Georgefurt,Connecticut,77711,-125.013304,50.1413435
Gavin Thomas,77,00371 Debra Gardens Suite 587,South Michael,California,95789,-125.804571,42.825304
Daniel Fuller,69,355 Swanson Burgs Suite 017,Hannaville,Arkansas,80428,-147.284054,59.1426365
Joshua Phillips,44,18953 Erin Park Apt. 372,Jordanside,Michigan,40159,4.176620,54.348936
Fernando Hartman,24,74012 Lewis Lights,Brentfurt,Mississippi,74555,-15.507204,8.051211
Reginald Valenzuela,22,6814 White Forest,Amandastad,Oregon,51427,117.883836,31.913624
Joseph Adams,20,53929 Travis Ridges Apt. 588,East Susanborough,Rhode Island,51490,-127.083701,-5.310216
Tara Richardson,65,7151 Clark Course,Veronicahaven,Vermont,25041,-5.156308,69.183968
Christopher Campbell,52,360 Ronald Shoal Apt. 641,Cochranborough,North Carolina,65414,26.869498,-67.939092
Heather Hicks,32,0377 Jennifer Walks Apt. 888,Paulside,Iowa,51698,-168.731075,8.1443475
Bailey Navarro,39,5356 Cunningham Burgs,North Richard,Montana,91941,-3.572520,85.2576665
Emily Owens,59,7885 Reyes Parkways Suite 176,Ryanburgh,Connecticut,30192,127.785263,77.3851025
Daniel Williams,58,486 Ruth Mountains,East Gail,California,72620,-71.759989,-34.1168695
Zachary Williams,65,572 Jeffrey Passage Apt. 665,West Richard,New Hampshire,25424,140.977626,-72.140303
Rhonda Mcdonald,19,759 Michael Highway Suite 079,Melissafort,Virginia,97249,158.053373,-18.274446
Kenneth Coffey,68,1284 Katie Underpass,New Leviville,Hawaii,45472,151.455451,69.300896
Kimberly Jones,54,1014 Villarreal Cove Suite 648,New Jackie,Arizona,36110,-49.349079,63.313997
Martin Richardson,49,973 Hawkins Lake,Perkinsburgh,Colorado,52846,142.420157,86.5801115
Nicole Weiss,75,3137 Russell Meadow Suite 669,Lucasfort,Arizona,81369,-15.574482,-84.0926985
Travis Robinson,71,758 Samantha Cove Suite 387,West Jay,Georgia,02457,-86.928876,79.110412
Sergio Phillips,43,118 Leah Estate Apt. 243,Martinezborough,Montana,98161,-176.777598,-21.494966
Robert Richardson,33,45318 Angela Overpass,Mcfarlandville,Utah,41620,27.389875,48.9577295
Margaret Barker,74,8170 Webster Street,New Anthony,Kentucky,76104,-35.606444,68.3007535
Melvin Peterson,80,060 Ford Parkway Suite 622,Lake Alyssa,Iowa,67453,-143.907625,64.5097235
Ruth Cooper,71,27501 Adams Branch,Donnaport,Texas,15253,-167.919085,-81.783586
Lawrence Tucker,76,269 Morales Summit,New Tylertown,Ohio,91788,-103.087149,57.764826
Christopher Oliver,79,64305 Wanda Brook,Lake Debratown,South Carolina,01900,108.823383,-21.5316465
Bryan Braun,38,9176 Edwin Wall,Baileyview,Georgia,79490,-158.842492,77.9394555
Corey Williamson,56,910 Brooke Parkways Suite 208,Rebeccaside,Pennsylvania,69222,69.952973,35.348838
Jacob Wilson,55,48184 Pruitt Greens,Lake Katie,Michigan,97938,-87.585701,-63.542924
Christopher Melton,72,20465 Brittany Forge,South Thomas,Nebraska,05825,-101.896239,24.924569
Calvin Rich,76,21816 Alyssa Meadows Apt. 766,North Lauraview,North Carolina,41769,169.123523,-14.8071755
Jenna Keith,47,701 Morrison Rest,Stephaniechester,South Carolina,42573,-112.258320,-80.532153
Alexa Johnson,69,16691 Cody Crescent,Janicebury,Oklahoma,17548,-68.603456,58.7850695
Deborah Rhodes,42,9177 James Crescent Suite 484,Brewerland,Arizona,07211,166.100466,19.5363875
Isabel Jones,44,2902 Debra Points,West Teresachester,Virginia,76569,177.298655,49.5386035
Chad Steele,42,70889 Alyssa Flats,North Nicolehaven,Florida,49760,178.544920,70.788814
Charlotte Short,66,5587 King Island Apt. 947,East Julie,Alaska,25534,146.204667,83.7834025
Mark Adams,19,044 Francis Crest,South Jennifer,Idaho,62300,-140.890985,2.962581
Leslie Gibson,64,20833 Carla Harbor Apt. 659,North Sabrinaberg,Maryland,16889,-41.999871,24.7787025
Chad Rhodes DVM,39,0547 Megan Keys,New Amyton,South Dakota,56964,-111.063704,28.013274
Randall Tran,43,07122 Brent Burg Suite 207,West Carmenfurt,Tennessee,42084,-157.024941,63.6334855
Jeffrey Hart,37,1518 Christopher Tunnel Apt. 895,Johnborough,Ohio,03793,-172.694648,-3.886209
Pedro Scott,18,6816 Miranda Trafficway Suite 964,New David,Louisiana,99896,90.779228,33.4794805
Donald Thomas,72,805 Gonzalez Fords,South Amy,Virginia,33654,-94.376180,40.693241
Tyler Vega,39,07869 Lisa Cliffs,Samuelburgh,New Jersey,97226,40.478463,-43.3635205
Frederick White,52,082 Chase Locks,Walkerbury,West Virginia,61519,102.232090,5.918033
John Jacobs,79,3453 Anthony Wall Suite 831,North Courtneyside,Mississippi,04689,104.230951,40.717707
Christopher Jones,25,6556 Larsen Haven,Robertsport,Arkansas,23716,-92.176402,2.9265885
Michael Harrison,40,9405 Smith Landing,Sydneyfurt,Idaho,75105,-43.028389,-53.9914405
Nicholas Vazquez,20,028 Sandra Spurs,North Thomas,Colorado,53980,-164.594760,-64.148165
Lisa Kirk,60,823 Molly Extension,Andersonchester,Hawaii,94115,119.866520,-81.5604995
Caitlin Velazquez,76,9520 Walker Road Suite 173,Oscarborough,South Carolina,69172,34.954259,29.014134
Sandra Durham,71,113 Smith Parkways,West William,Iowa,26575,169.422707,-77.741235
Nicholas Beard,61,3761 Elizabeth Village,West Amy,North Carolina,41323,64.545785,-23.9650195
Natalie Franklin,70,323 Tamara Plains Apt. 770,New Amandafort,Louisiana,04885,-149.528076,40.6316105
Carla Wells,44,62007 Joshua Springs,Brittanytown,Wisconsin,77121,44.814366,-13.171534
Terry James,51,07288 Edwards Centers,Debrafurt,Delaware,86716,137.479082,-80.585034
Tiffany Copeland,79,5488 Holmes Underpass,Hendricksborough,Michigan,57141,36.945977,17.7336145
Donna Bates,68,024 Alvarez Gateway Suite 562,North Saraville,Washington,48048,-119.475726,41.600080
Wayne Ball,60,37523 Tyrone Ranch,Johnsonhaven,Illinois,77575,75.740559,21.780160
Kathleen Brown,69,83378 Jared Coves Suite 855,Lake David,Alabama,75760,24.493918,-3.7546875
Jasmine Hays,23,81664 Russell Junction Suite 451,South Rhonda,South Dakota,33424,26.828832,-34.477471
Kimberly King,26,825 Washington Village,Port Jay,Florida,76952,44.627527,-25.660807
Jeffrey Gibson,19,46101 Warner Alley,Lake Jessica,Nevada,72869,-128.295472,87.8588275
Gary Lloyd,28,0729 Erik Park Apt. 046,Diazborough,Florida,64268,37.835692,70.6974305
Joseph Curtis,66,8212 Fowler Junction Suite 914,Olsenshire,Virginia,13795,-67.307376,71.6545055
Lacey Mitchell,56,480 Cooley Courts,North Charlottebury,Massachusetts,18824,-100.447373,67.1078235
Fred Nelson,69,3023 Rebecca Crescent Suite 367,Rebekahville,Rhode Island,01938,152.581495,52.2813895
Michael Yang,22,8641 Debra Stravenue,North Bryanton,Massachusetts,84962,-175.391084,11.4436945
Lisa Grimes,36,39712 Cindy Divide,New Elizabethfort,Alabama,68255,85.189831,8.1246445
Hannah Berry,76,2654 Douglas Parkways Apt. 337,North William,Minnesota,13618,110.863825,69.823556
Mario Farmer,65,55829 Jennifer Ridge,Lake Matthew,Georgia,99739,148.261498,34.653497
Christopher Reid,57,50484 Christina Port,East Kevinfort,Florida,50213,146.033815,-50.192037
David Marsh,57,66898 Carolyn Shore Apt. 381,West James,Ohio,78773,-52.039996,-48.565338
Amanda Abbott,62,360 Matthew Harbor Suite 640,Lauraburgh,Connecticut,97080,-0.220400,31.896185
Nicole Molina,62,299 Clark Groves Apt. 262,East Sheilaview,Virginia,92404,50.399636,-76.9637075
Alexander Garza,47,128 Berger Orchard Apt. 154,West Christopher,Missouri,37948,-27.950023,-10.4131925
Angela Miles,39,336 Lee Turnpike Apt. 159,West Manuelfort,Kentucky,63085,156.940883,-75.960239
Jessica Reynolds,41,721 Wilson Curve,Keyfurt,Delaware,70757,-59.742102,-31.0522535
Stephen Williams,60,654 Tyler Via,Harveyfurt,Missouri,88458,-163.191102,47.4270275
Karen Burns,71,1299 Baker Prairie Suite 276,Thompsonstad,North Dakota,49653,-141.947172,-38.1509165
William Smith,39,2156 Randall Turnpike Suite 284,Leonardhaven,Kansas,01316,96.646392,69.604757
Pamela Adams,80,918 York Pike Apt. 714,Laurenmouth,Illinois,87501,-166.948228,-71.1161685
John Jennings,42,841 Jay Lake Suite 878,East Brett,Ohio,26575,164.801093,75.8396875
Susan Delgado,53,78743 Michael Tunnel Apt. 115,Port Heidi,Georgia,90414,-133.374017,-77.7408095
Melissa Farmer,70,142 Jordan Lane,Tinatown,Utah,79648,0.827919,-83.715183
Tammy Brown,24,52124 Michael Gardens Apt. 715,New Robinside,Wisconsin,05328,63.881715,28.3175605
James Robinson,80,1131 Peggy River,Port Angela,West Virginia,29034,-11.316953,-29.2508415
Paula Henderson,50,663 Phillips Lodge,Stevensborough,Missouri,57942,143.908213,-21.041817
Robert Petty,22,418 Watson Canyon Suite 139,West Wendychester,Kansas,85006,-116.508682,31.2590255
Logan Cervantes,34,04115 Cisneros Tunnel,North Jeffreyside,Florida,26503,-21.928124,-89.608212
Ann Smith,48,1900 Allison Mountain Apt. 020,North Andrea,Arkansas,26481,-148.711347,-13.9576785
Joseph Kline,44,7954 Vasquez Keys,South Christopherborough,New York,21118,5.592915,-25.207755
Andrew Brown,70,93318 Brown Gardens Suite 470,Port Paula,Wisconsin,88438,-19.648593,80.1481935
Daniel Baldwin,30,71176 Jared Well,South Rachelview,Montana,57001,-90.473916,-35.629644
Michelle Hill,78,932 Smith Passage,Christopherside,Nevada,11193,147.345639,-28.923997
Miss Karen Mcpherson,69,60205 Mary Oval Apt. 124,South Matthew,Ohio,10850,-59.814224,56.2416175
Laura Quinn,79,5128 Stokes Rest Apt. 200,Peggyville,North Dakota,14539,-116.426662,84.377606
Rebecca Young,48,910 Deborah Radial,East Benjamin,California,02835,-116.342897,-27.212354
Jennifer Cortez,45,19051 Walker Island,Davidchester,New Mexico,29115,-118.795197,29.8679645
Timothy Peterson,43,4655 Brad Coves,Lopezfurt,West Virginia,24960,-94.439805,76.3099675
Timothy Roberts,43,0013 George Camp Apt. 267,Jeffreyville,Maine,10350,59.584519,44.9556195
Monique Mckinney,27,23884 Stacey Estates,Kathleenshire,Maryland,32528,-65.512880,9.552559
Gary Dawson,61,133 Andre Centers,Timothyfort,Tennessee,82917,-12.423069,43.4664525
Michael Reed,77,11342 Crawford Manor,Brownington,West Virginia,95367,-63.491477,-10.1007555
Rachel Everett,24,8676 David Rue Suite 806,West Erica,Rhode Island,69160,-133.164312,53.354490
Evelyn Barr,35,66593 Davis Viaduct,Ryanfurt,Tennessee,08761,140.502098,5.4152495
Travis Castillo,51,9538 Crawford Walks,South Michellefurt,Rhode Island,92267,104.600650,81.3994345
Jeremy Hudson,38,453 Long Village Apt. 307,Ramirezbury,Alaska,25647,42.158949,59.8201595
Katherine Hanson,21,8091 Ivan Stream,Port Christopherbury,Indiana,83266,47.791014,-22.9618495
Justin Jones,19,4245 John Loop,Lake Susan,Illinois,16108,130.303080,77.6877595
Troy Hicks,44,035 Nathan Lock,New Michaelside,South Carolina,06922,-40.872266,-61.6257715
Ryan Duncan,30,68592 Hood Pine,Gonzalesbury,Minnesota,07300,-109.900447,21.1089035
Debbie Davis,49,39475 Rachel Ferry,New Tylerfort,Utah,32978,-10.472188,-59.1795975
Robert Lam,50,4589 Bowman Tunnel,Rodriguezfurt,South Dakota,89499,-103.885776,-65.691056
James Reid,37,1036 Ryan Way,West Robertchester,Nebraska,04350,77.797678,83.282226
Michaela Smith,47,8123 Beverly Mill Suite 995,Port Annetteville,Hawaii,06756,-22.530512,-89.578757
Catherine Bruce,70,832 Myers Crescent,Hendersonbury,Alaska,78145,174.962000,47.8089695
Nicole Scott,59,6269 Renee Path Apt. 479,Benjaminland,New Jersey,32686,-85.975764,63.379574
Daniel Turner,37,085 Amy Court,Port Matthewstad,Missouri,29481,-90.754064,37.9623555
Jonathan Howard,26,03313 David Key Apt. 346,Port Josephport,Tennessee,60778,-21.526567,72.3351065
John Collins,74,68437 Michele Trafficway,East Tina,Massachusetts,55732,-53.292491,74.456738
Robert Hodges,40,892 Robert Ports,Quinnside,Tennessee,22401,155.087759,75.782313
Dale Gallagher,73,71897 Amanda Meadow,Carterburgh,Arkansas,54097,-39.647721,-40.077175
Julie Bradley,72,47107 Taylor Bypass Suite 826,New Joymouth,Oregon,42411,88.312750,74.0162025
Samuel Salinas,59,4303 Thompson Circles,East Sharon,Nevada,14776,90.537199,-64.163050
Mark Welch,55,80333 Jennifer Turnpike Suite 417,Nicholsonland,Iowa,58214,56.255969,-61.0133315
Dr. Jessica Parker,76,43995 Terry Parkway Suite 458,West Steven,North Carolina,82423,-79.200048,22.2303145
Chad Brown,80,934 Miller Circle,South Diane,Connecticut,56042,-169.617168,-38.378195
Tiffany Turner,58,0867 Manning Views Suite 707,East Lisa,Pennsylvania,49065,147.360246,8.5361855
Mark Wright,57,105 Adams Junction,New Erin,Maine,33756,169.792032,-1.884385
Amanda Davis,41,09948 Davis Mission Apt. 450,Lake Angelaview,North Dakota,11719,101.872662,81.391233
Monica Jordan,45,044 Eric Prairie,South Cynthiatown,California,60669,-2.901859,72.2128175
Christopher Schultz,57,7865 Kramer Freeway Suite 125,Williamsside,Arkansas,37284,-100.297432,62.1021295
Anthony Perez,72,274 Wang Hollow Apt. 524,West Jacqueline,Louisiana,44296,-106.831772,-81.2214705
Ashley Morrison,76,891 Garrison Curve,Mccoyport,Delaware,93815,-160.279133,48.3580825
Megan Higgins,76,9640 Brown Fields,Isaacberg,Ohio,49743,-110.472441,-3.5026425
Jennifer Ford,65,723 Williams Meadow,West Rachel,South Dakota,13724,162.172036,37.983491
Catherine Spence,18,464 William Prairie Suite 068,West Chadville,Missouri,15371,8.565860,-58.369288
Cody Bell,24,78162 Alyssa Field Suite 858,Meyerfort,Texas,17826,-143.723315,-36.148780
Ms. Rachel Marsh,73,38150 Cassidy Square,Port David,Arkansas,29322,-53.286296,-72.6481965
Amy Fernandez,48,0919 Guzman Mews,Port Jeremiahmouth,Pennsylvania,25245,140.608914,-54.5312085
Melissa Mcdaniel,38,1268 Colleen Burgs,Port Davidview,Idaho,93317,67.600681,-5.4270685
Stephen Andrews,53,197 Patrick Union,Jonesstad,Maryland,47389,148.325264,46.2346235
Christine Murphy,41,30941 Johnson Lakes Apt. 802,Port Micheleport,New York,84099,-83.495487,-32.3204795
Jose Baker,36,706 Stephen Field Apt. 714,Lake Evanmouth,California,52524,-144.354403,-63.083468
Michelle Fox,57,866 Moore Walk,Lozanoport,Minnesota,35881,154.922981,5.7769375
Christine Pearson,48,285 Maureen Well,Emilyberg,Georgia,50107,32.763146,-10.6851155
Robert Anderson,21,111 Paul Crescent,New Justinview,Idaho,97573,-139.729145,24.5177585
Dakota Williams,57,7193 Davis Meadows,Perezborough,Georgia,83820,-74.199938,-11.877123
Jennifer Hodges,39,57582 Anthony Pine Apt. 386,Kirkfurt,Virginia,58558,133.921694,77.270452
Alyssa Sparks,78,717 Alexander Passage,West Amber,Virginia,17850,52.293594,50.774280
Diane Peters,80,34406 Moore Square Apt. 490,New Sherylfurt,Iowa,14017,-126.725531,82.680739
Nathan Johnson,23,880 Fischer Forks,North Laurenfort,West Virginia,05505,134.740340,61.7897265
Timothy Phillips,49,46151 Adrienne Squares Suite 384,Duarteberg,Colorado,44819,58.587732,44.1403995
Kelli Allen,80,5061 Karen Loaf,Jeremyhaven,Indiana,88516,-38.830346,-57.7534715
Laura Grimes,80,7943 Daniel Tunnel,Lawsonport,Nevada,94366,57.634114,-33.762802
Daniel Chan,63,9228 Hughes Terrace,Elizabethport,Wyoming,71920,114.325970,30.7213025
David Robinson,24,7573 Murphy Ville Apt. 919,New Denisefurt,Colorado,87041,-1.820564,12.0312135
Nathaniel Ryan,65,84327 Sherri Brook,West Anna,New Hampshire,12248,49.873326,65.425039
Michael Martin,27,959 Walker Burgs,Sullivanside,Connecticut,04619,-167.996828,-73.9121495
Tracy Ward,44,314 Tanya Knolls Suite 855,South Susanborough,Louisiana,86398,-92.818131,-49.5909965
James Chapman,42,8480 Lisa Knoll Suite 675,West Daniel,Pennsylvania,01180,114.595935,-59.579104
Marissa Cox,76,71196 Lisa Street,West Paulland,Idaho,20934,59.636036,-4.9807565
Drew Herrera,50,16577 Veronica Fords Apt. 678,South Ronaldview,Colorado,99906,-94.024858,-40.4458365
Walter Dyer,31,91161 Swanson Mission Apt. 005,South Danielberg,West Virginia,67071,-132.320952,-7.148668
Nicholas Brown,51,9844 Taylor Village,Gordonborough,South Dakota,60776,-157.947584,59.369351
Jenna Edwards,44,3669 Jackson Dam Apt. 645,South Jessicaview,Texas,11924,16.949189,-20.936425
Jessica Smith,45,8335 York Village Apt. 346,West Stephanieview,Tennessee,61659,-138.713704,34.9938285
Erin Garza,60,1237 Jennifer Roads,Kennethbury,West Virginia,11370,-3.484157,-80.3448605
Christy Anderson,54,7054 Erin Village Apt. 352,Port Joshuastad,Montana,73745,-7.397362,65.734258
Lindsay Davis,53,8781 Christopher Dale Suite 937,New Karenton,Tennessee,19537,-140.533064,8.5356975
Karl Collins,25,750 Megan Throughway Suite 168,Stephanieborough,North Dakota,14553,-130.300459,-54.0845805
Melissa Grant,54,836 Johnson Station,Diazfort,California,66216,104.478958,-82.798098
Timothy Brown,39,335 Leonard Squares,Ianburgh,Delaware,03329,45.863877,-82.9360965
Steven Beck,74,9877 Felicia Walk Suite 283,Myersstad,Pennsylvania,34400,174.564800,-6.028419
Kelly Edwards,59,970 Scott Islands,East Jodishire,North Carolina,56581,64.574296,-51.9051385
Robert Horn,47,3241 Amy Glen,North Susanland,Florida,81327,-34.033364,59.992378
Kenneth Martinez,53,526 James Neck,New Nathan,Utah,07604,-55.773808,-7.223363
Donald Webster,76,990 Judith Corners Suite 865,Hendersonchester,Hawaii,56397,-142.346387,-64.509980
Jasmin Allen,77,203 Johnson Cape,Lake Derekberg,Delaware,00959,129.088749,70.7399435
Luis Jordan,44,04332 Davis Shoals,West Williamland,Massachusetts,49881,-14.444530,-47.820154
Melissa Munoz,55,37988 Williams Hill Apt. 668,Andrewview,North Carolina,40587,41.658643,32.1640245
George Morales,55,347 Davis Track Apt. 719,Kimfurt,New Hampshire,01287,-91.179214,-67.9294465
Mr. Michael Erickson Jr.,69,396 Jenkins Drive,North Jamesmouth,New York,09314,69.182220,-83.0907625
Joseph Moore,77,1402 Hill Harbors,North Breannaside,Colorado,51534,-4.581118,0.957785
Bryce Moore,54,54664 Harris Islands,Wisefort,Nevada,68109,143.923680,-41.1237095
Joshua Cook,66,58837 John View Apt. 911,Esparzachester,Utah,20537,156.405837,52.187555
Laurie Moore,79,40116 Vega Hill Suite 463,Kristineland,Missouri,03459,-34.037329,1.2923955
Janice Lee,43,7861 Alice Points Suite 446,New Melvin,Minnesota,80314,19.581079,-38.702753
Howard Lopez,41,676 Mcneil Shoal Suite 643,Lake Sheri,California,08207,-156.344490,-75.739409
Mrs. Ashley Fox MD,52,684 Dunlap Circles,Lake Steventown,Arizona,48931,160.829754,34.6348905
Keith Glenn,41,891 Lawrence Pike Suite 191,Ronaldville,New Hampshire,15119,-121.809500,6.4267045
Anna Martin,43,555 Donna Run Suite 160,Bradleytown,Kansas,32880,88.287682,-7.163338
Gerald Hutchinson,47,471 Melissa Ramp Apt. 490,Wilsonville,Michigan,43086,-150.443550,-46.4513845
Lindsey Hensley,43,580 Owens Center,East Timothyshire,Maine,31792,-137.484016,-33.708427
Lauren Long,33,7458 Brown Island Apt. 361,Duartechester,Texas,49143,-107.071281,-30.6530655
Tammy Lynch,24,0698 Cynthia Harbor,North Judithchester,Montana,34711,-12.440847,15.529929
Luis Hutchinson,25,366 Kristen Plaza Suite 966,Lake Jennifer,Texas,17270,25.477636,-6.6707875
Todd Maynard,50,61274 Angela Passage,Toddland,Idaho,89445,65.169123,-35.2814585
Andrea Leon,32,3840 Mccormick Neck Suite 356,Anthonyport,Maryland,17607,25.110529,78.9453395
William Steele,68,916 Newman Parkway Suite 740,East Michaelville,Delaware,06358,27.035915,53.778127
Cody Jones,19,9450 Chase Manor Apt. 121,Parkville,Vermont,07014,-17.722599,-70.418055
Samuel Andersen,33,788 Renee Shoal,New Robertton,Colorado,69790,-49.011103,-52.4342655
George Pham,60,83868 Crane Vista,South Cassandra,Maine,29632,-173.959862,-80.685434
Douglas White,64,383 Mckay Underpass Suite 086,Kennethstad,South Dakota,89282,-45.172502,6.052124
Luis Wilson,57,62336 Carr Spur,Port Jamieburgh,Vermont,79705,-11.310362,-70.876993
Cassandra Gibson,69,3842 Matthew Knolls Apt. 299,Jordanburgh,Vermont,74926,-106.246362,86.428074
Brent Aguilar,35,609 Williams Gardens,Vazquezburgh,Montana,34256,-107.328931,64.7366665
Ricardo Phillips,73,298 Brown Camp,East Jason,Washington,99890,-15.333547,37.076358
Kathryn Henry,66,9371 Carrillo Brook Suite 991,North Davidside,Colorado,53756,134.046272,-14.821738
Jonathan Clark,62,3127 James Lock,Dianastad,Delaware,03535,-38.896519,-88.748595
James Lewis,48,9477 Melinda River,Wrightfurt,Mississippi,72176,39.971532,8.521469
Jerome Morris,39,052 Watson Isle Apt. 592,West Timothymouth,Rhode Island,61054,87.479780,-82.266936
Vincent Cox,31,079 Sarah Springs,Jessemouth,Pennsylvania,25317,12.780089,-57.2370295
Amanda Brown,62,6005 Cole Centers Suite 674,Port Markmouth,Idaho,95595,-60.088133,8.9989975
Jesse Holmes,22,541 Kelly Mountains Apt. 984,New Robert,Arkansas,13835,149.256125,-54.2706635
David Beck,37,561 John Mall Apt. 490,New Michelle,Utah,05118,32.305246,60.3409925
Stephanie White,23,434 Kelley Road Apt. 159,New Hannahborough,Virginia,55386,159.469794,-16.0034445
Kristin Rowe,75,03227 Katie Place Suite 297,West Samuel,Florida,02059,-70.023117,42.442317
Louis Ray,37,870 Serrano Avenue Suite 107,North Michael,Texas,03678,73.031483,-19.772221
Aaron Adams,68,3447 Contreras Light,South Elizabethtown,Rhode Island,15689,-179.536796,-41.307385
Louis Jimenez,30,385 Kayla Shores,Port Alexander,Nevada,93323,125.611562,3.296396
Jennifer Spears,42,39427 Gabrielle Radial Apt. 674,Williamsview,Arizona,71249,-104.634973,64.0152705
Andrew Gonzalez,27,01097 Johnson Crescent Suite 370,Walkerfort,Montana,85292,31.999656,19.596352
Samantha Aguirre,74,36206 Gordon Branch,Port Joshualand,Connecticut,61509,143.433411,-36.3652075
Emily Wagner,65,1795 Jack Spring,Port Stephanie,Tennessee,67619,-6.950681,-78.3522195
Peggy Montgomery,38,45333 Johnson Mountains Apt. 613,Thompsonside,Kansas,02280,26.884804,86.4829555
Christopher Bailey,35,541 Jessica Locks Apt. 658,Garciahaven,Indiana,16442,18.125865,-77.0360805
Kathleen Davis,78,243 John Stream,Kevinhaven,Alabama,51721,-51.056634,-72.412509
John Harding,70,9292 Morgan Landing,Port Summermouth,Utah,25905,-174.603468,23.527929
Rodney Summers,27,0042 Freeman Loaf Apt. 258,North Philipborough,Oklahoma,69477,-8.567003,-44.292390
Sonya Rodriguez,72,0352 Bray Lakes,Port Michaelbury,Minnesota,21455,-126.134773,-43.6115475
Brittany Nelson,32,674 Charles Track Suite 681,Bellstad,Arizona,40480,130.640405,26.4838915
Deborah Mullins,68,645 Snyder Port Suite 084,West Jamesview,Idaho,66011,-86.512002,-60.508236
Brian Davis,75,28789 Jeffrey Forge Apt. 719,Lake Joseshire,Florida,44344,-19.244292,-3.363162
Benjamin Wilson,23,362 Lawrence Knolls,Burgesshaven,Virginia,04651,65.602138,14.321764
Amber Wise,45,098 Blair Canyon,North Eddiechester,Kentucky,69512,99.805332,-53.4816375
Dana Trujillo,19,3124 Felicia Roads,New Ashleymouth,New York,64826,-11.485168,-34.959336
James Richardson,33,47012 Case Club Apt. 169,West Crystalfort,Michigan,32947,-26.089905,11.3025245
Ryan Shah,79,94208 Jacqueline Underpass Suite 044,Port Dakota,Connecticut,67853,171.263171,-63.0163545
Megan Wheeler,79,8068 Smith Corners,South Paul,Oregon,94486,36.621807,-19.8225585
Dr. Karen King,30,562 Manuel Ferry,Hannahton,Minnesota,25297,164.226841,-15.0296095
Richard Williams,52,01580 Matthew Mission Apt. 009,Melissachester,Kansas,04227,33.387559,-62.973849
Betty Weaver,63,09140 Roy Square,Watkinsfort,North Carolina,11944,-125.383498,82.292698
Amy Gonzalez,60,8323 Nicole Creek Suite 950,New Patrick,Oregon,13254,170.973855,-66.0346055
Gavin Collins DDS,34,960 Trevino Avenue,Lake Emily,Connecticut,89656,111.295139,-71.7039355
Derek Castro,40,2242 Thomas Dale Apt. 798,Sanchezmouth,Alabama,21821,-41.062400,45.2565795
Holly Smith DDS,39,185 Haas Glens,West Aaronburgh,Hawaii,68996,174.116793,-87.752971
Gabriel Norman,46,458 Wood Villages Suite 503,North Jamesbury,Idaho,10283,-142.742836,2.0554945
Rachel Maddox,80,903 Barbara Stream,Port Carlaville,Kentucky,62975,41.543981,56.110537
Victoria Hill,75,1636 Coleman Pike,Powersshire,Missouri,29090,22.217223,-7.624546
Janet Elliott,66,4517 Schneider Hill,New Joelville,Pennsylvania,08160,96.155659,-7.183803
Daniel Marshall,51,404 Roy Summit Suite 637,Johnville,Connecticut,47906,-145.012105,68.4403355
Lauren Long,36,148 Li Trace Apt. 187,Thomasbury,Michigan,36784,-27.326259,74.544213
Benjamin Bates,33,26872 Harris Path Apt. 707,Millerside,Nevada,50795,151.450460,-14.8178805
Lance Gonzalez,20,04645 Christopher Fork,New Tyler,Kansas,02866,-165.725578,-30.996493
Helen Garcia,57,0112 Collier Plaza,North Mitchellbury,Rhode Island,49329,-109.132832,-21.108097
Mike Koch,19,056 Colton Avenue Suite 707,North Ashley,Kansas,74656,136.200906,82.658878
Darin Jones,53,03950 Reeves Wells,Lambertshire,Utah,77965,11.022151,-86.0521755
David Gonzalez MD,49,9026 Dodson Ports,East Michelleside,Georgia,27738,157.848021,5.0054725
Carmen Santos,64,5099 Villa Way Suite 399,South Michaelbury,South Dakota,39775,-11.734615,73.4996085
Joel Rodriguez,18,9032 Darlene Squares,North Samantha,Mississippi,74548,169.521376,74.8368425
Stephanie Evans,78,71901 Shelton Prairie,Port Justin,Alaska,15048,-13.363626,-89.6249005
Travis Galloway,30,796 Paula Street Suite 936,Durhambury,Minnesota,91290,147.868317,39.368086
Sara Torres,75,6855 Brian Mount Suite 649,New Amytown,Maryland,54368,-84.641899,-72.508721
Valerie Price,61,478 Fowler Hills Apt. 699,Port Mark,Maryland,53956,-149.869880,87.5447335
Glen Young,64,1360 Stephanie Inlet,New Karenhaven,Wyoming,46250,-34.371932,-88.2859385
Katherine Castro,22,9438 Williamson Radial Suite 116,Nicholasmouth,South Dakota,57831,19.440671,-26.6963355
Heather Smith,34,30394 Brian Lane,Amandastad,Colorado,94564,151.392611,-73.625138
Julie Jones MD,70,7554 Morrow Squares Apt. 952,Gonzalesport,Maryland,86725,36.990818,-31.586624
John Anderson,66,73381 Christopher Islands,West Tanya,Nebraska,32533,-3.842126,-84.4296345
Robert Mckenzie,19,57910 Perez Park Suite 999,West Walter,Montana,09705,97.086599,30.489156
Alicia Kelly,66,29178 Susan Roads,New Juliaville,Oklahoma,70578,-138.254354,89.3567005
Sheryl Cox,55,1049 Boyd Brook Suite 071,East Larry,Alabama,93657,-84.889672,-85.7880105
Jeffrey Rogers,59,137 Janet Courts Suite 135,Carolynview,Mississippi,14304,-55.388546,-23.6640585
Jenna Lee,35,92044 Villegas Mission Suite 053,Wendyhaven,Alabama,49742,178.480080,-9.2380815
Jeffrey Myers,34,231 Mendoza Ford,New Angela,Massachusetts,22353,170.788901,-81.260774
Gloria White,51,2480 Mullins Lakes Apt. 683,Meganmouth,Maine,37725,65.452115,13.313929
Anne Chavez,23,3307 Timothy Locks Apt. 957,Port Eric,Connecticut,18777,12.789078,64.9922195
Karen Jones,46,942 Diane Bridge,Richardside,South Dakota,88121,-130.938934,3.243952
Corey Fowler,57,94713 Tate Summit Suite 040,Ballardmouth,Arizona,60024,19.702514,9.5884525
Dwayne Ruiz,43,865 Thomas Squares,Whitemouth,Louisiana,74435,161.858193,59.1138125
Richard Roberts,37,7711 Rodgers Springs,Lake Kathleenbury,Georgia,72934,65.494602,-5.842511
Marc Pittman,49,62175 Jackson Haven,Lake Natalie,Connecticut,80919,-179.879830,-11.940052
Stephen Garcia,68,93682 Smith Park Suite 305,Glovertown,Nevada,19740,158.312494,-31.239104
Ashley Hill,50,47281 Roman Village Apt. 785,Vanessafort,Wisconsin,33239,-163.588839,14.9094735
Melissa Walter,40,573 Nixon Course,Butlerhaven,Ohio,98506,48.949570,-55.0541515
Austin Rodriguez,55,8883 Andrea Knoll Suite 835,New Larryfurt,Mississippi,54942,-124.617644,83.1973365
Frances Jacobson,58,3764 Macias Mountain,East Nicole,Maryland,09911,-107.479399,-4.880152
Erika Howard,61,1806 Martin Station,Fullertown,New Jersey,06099,-12.356419,79.3228805
Kevin Foster,72,07190 Johnson Mills,East Valeriemouth,Washington,08092,-75.087621,-72.613686
Amy Espinoza,31,091 Linda Valley Apt. 285,Graychester,Pennsylvania,60407,116.793624,40.881706
Felicia Henderson,67,267 Aaron Valley,Robertchester,West Virginia,57565,-33.309354,14.3325455
Crystal French,19,0968 Walker Park Suite 433,North Adambury,Kentucky,95118,163.694244,-5.3919775
Brittany West,60,970 Williams Meadow Apt. 163,Port Randallborough,Kansas,08440,-145.456666,-37.4845135
Noah Wood,56,09809 Sanchez Corners Suite 173,Franklinborough,Georgia,79005,103.375919,65.539639
Philip Savage,25,69020 Dwayne Extension,East Donaldchester,Alaska,76084,-47.700255,-6.583347
Kimberly Knight,73,5493 Ronnie Pass Apt. 583,Lake Daniel,Iowa,29712,102.546420,-76.269317
Amanda Goodwin,18,7232 Martinez Divide Apt. 664,East Nathanview,Virginia,91287,-82.993325,-27.435071
Linda Mcclain,38,93558 Carl Drive Apt. 753,Spencerland,West Virginia,69028,-56.210074,83.473295
Jay Pope,25,61019 Brandon Mountain Apt. 244,Dominguezburgh,Missouri,60562,-29.399061,-88.1012245
Mark White,40,29228 Williams Vista,South Ana,Texas,36463,18.587560,-80.2114385
Mason Armstrong,43,68651 Johnson Manor Suite 635,Greenville,Arkansas,35747,-7.410106,78.4415095
Shannon Wood,57,49157 Luna Cliffs Suite 430,New Kayla,Minnesota,86345,32.766035,30.1256695
Michael Knight,37,8444 Jimenez Avenue Apt. 661,Markbury,North Carolina,12549,-175.273749,-68.5167375
Jacqueline Norton,18,75465 Bradshaw Field Suite 776,Whitetown,Idaho,52777,0.504292,78.3304025
Christine Lopez,27,2116 Eduardo Expressway Suite 463,Haynesstad,Ohio,73440,13.486667,51.0938105
Michael Solis,66,276 Michael Street Apt. 601,North Kristyborough,Oklahoma,39316,-88.066899,-10.493376
Kevin Roberson,73,7410 Wilkins Causeway,Annmouth,Montana,37602,157.959129,2.291803
Nathan Rich,20,937 Martinez Locks Apt. 556,Josebury,Virginia,72624,-157.384359,-15.4896775
Joshua Hart,72,8059 Christopher Pine Apt. 957,North Edwinshire,Missouri,15617,-140.806103,57.4870895
Katie Warner,18,13902 Reed Extension Apt. 551,Kristamouth,Arizona,77921,140.890621,-67.6730985
Katherine Haas,45,286 Russell Corner Suite 948,New Kenneth,South Carolina,29952,-160.025547,19.4400095
Mark Ortiz,76,3766 David Stream Suite 815,North Allen,Iowa,86136,129.646632,52.959476
Jennifer Blackburn,49,19447 Timothy Corner Apt. 134,Carlsonview,Ohio,81759,57.973511,-76.7605635
Caitlin Ortega,18,128 Mario Crest,Port Kristenchester,Arkansas,82534,-63.582752,85.2878715
Jesse Logan,67,6329 Estrada Cape,Julieside,Arizona,57173,81.707883,71.636906
James Terry,64,4041 Harrison Cliffs Apt. 079,Port Suzanne,Washington,22016,-167.831918,26.754425
Drew Carney,31,153 Suzanne Springs Apt. 572,East Frederick,Utah,70687,-115.631401,-52.011758
Denise Santana,46,53162 Watkins Gardens,Lake Megan,Florida,87335,-78.898262,17.1080125
Michael Mays,66,20483 Rocha Heights Suite 327,West Anthonyburgh,Texas,27283,-75.015869,81.4645205
Randall Harrison,25,858 Lopez Mission,Kellyport,Iowa,45879,163.034534,9.5633585
Jesse Hawkins,37,489 Bond Cliffs Apt. 803,New Henryview,Hawaii,58647,167.129507,-4.7305835
Christopher Owens,80,56428 Danielle Throughway,Garyborough,Arkansas,17298,43.001836,-65.647229
Craig Martinez,37,398 Franklin Isle Apt. 110,South Shawn,Maine,09543,-20.800860,-54.489024
Andrew Mckinney,64,10131 Scott Locks,Hillberg,Nevada,77490,-158.765211,87.145601
Jeffery Allen,25,622 Shane Tunnel,Mannside,Wyoming,36750,-6.125243,-13.288737
Joshua Thompson,53,4064 Dixon Lodge Suite 077,Gonzaleztown,Vermont,28408,27.698925,-1.9475225
Johnny Short,50,843 Davis Mall Suite 901,New Paulborough,Alabama,56158,113.448660,-12.1648305
Travis Thompson,78,9636 King Light,Rachelshire,Wyoming,51883,-81.110843,-24.6950635
Jessica Johnson,41,43915 Cole Locks Suite 588,Jessicaburgh,South Dakota,45175,168.587727,86.830660
Brittany Holloway,54,227 Collins Corner,North Shaneside,Oregon,79473,-46.057899,28.5524775
Thomas Nelson,48,76305 Jeffrey Forge,New Doris,Arkansas,95525,12.068718,-85.099227
Donna Cruz,29,25337 Monica Fields,New Bridget,Vermont,63317,-46.763945,13.053492
Jennifer Wilson,61,80770 Paula Estate,New Ronaldside,Arkansas,29048,169.660430,2.368411
Marc Wiggins,52,1170 Bell Mall,Jenniferhaven,Delaware,09818,124.631333,89.782709
Carla Church,19,269 Amber Ports Suite 492,Snowton,Washington,03268,143.785501,16.821490
Alexander Morse MD,44,17473 Elizabeth Path,Port Zachary,Wisconsin,50159,-123.840707,-43.268515
Julie Singleton,74,21499 Kimberly Flats Apt. 384,West Nicoletown,Oklahoma,98115,-92.021796,45.883992
Lisa Nichols,43,0633 Anderson Fields,West Williamtown,Illinois,77672,-2.975845,36.088683
Jeffrey Smith,77,29321 Evans Flat,West Steve,Ohio,85199,-93.722269,1.8233995
Barry Maldonado,38,839 Martin Falls Apt. 531,New Michael,California,70843,-132.988996,57.719362
Christian Higgins,18,9451 Dylan Burgs Apt. 406,Perryborough,Tennessee,74113,177.534235,-62.5445475
Sandy Vaughn,76,48881 Kelly Square Apt. 272,Joshuaborough,Utah,09458,87.778707,8.8090215
Dr. Daniel Strickland,66,3881 Quinn Village,East Jessica,Kansas,36188,3.805806,-34.197708
Stefanie Jimenez,27,271 Garcia Manor,Port Thomasbury,South Carolina,25544,168.985624,28.0579275
Brenda Williams,19,825 Arellano Lodge Apt. 050,Justinview,Kansas,68502,128.860712,-27.9721805
Craig Davidson,26,4798 Krista Port Apt. 444,Lake Michaelside,South Carolina,20646,-142.357162,78.5570935
Rebecca Gray,80,869 Steven Park,Hayestown,South Dakota,76096,-145.775472,51.4125355
Rebecca Collier,66,882 Martin Squares,East Melindaland,Oklahoma,63299,-19.697334,-44.7660205
Mark White,75,8456 Mary Heights Suite 772,West Matthew,Arizona,37894,133.561204,-89.2644335
Amy Smith,37,8558 Daniel Way,East Bettytown,New Jersey,24616,22.041160,33.712556
Amy Castro,75,3414 Knight Lane Apt. 201,New Annettefort,Oregon,19652,90.654843,-51.6795415
Thomas King,46,05925 Tom Loop,North Jonathan,Mississippi,41026,65.242436,-40.168000
Renee Lawson,22,407 Mark Row,East Courtney,Ohio,72978,131.449008,83.596651
Thomas Khan,68,24074 Alexander Forks,Wardstad,Alabama,60516,175.761931,-49.1740395
Robert Garner,52,93980 Morales Groves Suite 539,Wilsonton,New York,38726,132.837589,-37.9678055
Nathaniel Thompson,77,310 John Wells,North Justinmouth,Indiana,03474,89.390552,32.3150515
Dr. Brooke Mcintyre,76,0945 Warren Village Apt. 342,Rileyton,Maine,50882,126.410049,6.6978275
Mrs. Sara Reynolds,78,057 Shelton Camp Suite 759,Lake Biancaport,Massachusetts,01885,-106.241734,-52.417743
Michelle Campbell,27,8773 Simpson Courts Apt. 249,Lake April,South Carolina,02177,75.205891,18.2994405
Sheila Hunter,72,940 Oscar Knolls,Christopherberg,Vermont,48752,47.157852,-27.024457
Nathaniel Trevino,36,320 Ferguson Turnpike,North Kimberlyside,Vermont,33743,-166.216205,-31.094561
Emily Hanna,29,838 Sullivan Villages Apt. 421,Karinamouth,Virginia,85563,-50.976232,34.5711585
Christy Carr,46,3083 David Center,New Jesse,Arkansas,05607,-174.487502,49.278070
Curtis Garcia,24,386 Abigail Field,Cunninghamborough,Wisconsin,28563,-57.082961,49.493333
Mary Daniels,40,270 Rubio Trail,Jessicaview,Rhode Island,11675,62.818769,7.3891895
Rachael Jimenez,59,92724 Lori Way Apt. 848,Larsonland,Connecticut,69992,-161.465989,-9.9245285
Paul Brown,67,08346 Herrera Manors,Lake Mitchellton,Oklahoma,94001,157.920242,79.7068945
Matthew Daniel,79,89033 Walker Drives,West Andre,Pennsylvania,87452,73.124452,12.5310045
Karina Stanton,44,44172 Johnson Tunnel,New Lisafurt,Georgia,38028,142.180347,-52.205229
Eileen Figueroa,35,68347 Nicholson Station Apt. 413,North Arthur,Washington,05973,-59.165994,-60.3623985
Joseph Carroll,37,3904 Katrina Gateway Apt. 802,Nicholastown,Massachusetts,40224,-53.666233,-26.6593535
Krista Stewart,21,36769 Flynn Fords,Chelseaview,New York,42601,-65.401390,12.1294455
Samuel Webb,21,9228 Eric Crossing Suite 262,Chaneychester,Wyoming,63093,-80.148988,-67.867504
Alyssa White,44,83159 Wall Village,Watsonstad,Michigan,77325,65.945366,33.767430
Patrick Luna,43,283 Jason Avenue Suite 816,Lake Jon,Texas,27355,-53.892987,-40.828075
Michael Vang,69,57119 Vaughn Club,New Jacquelineshire,Arkansas,20319,56.736779,66.7717165
Jennifer Peterson,31,682 Parks Park Apt. 034,Ryanfort,Massachusetts,89284,165.890778,64.4461805
Cody Hayes,56,521 Robinson Curve,Port Rogerland,New York,21167,72.673464,-89.3640015
Billy White,41,371 Campbell Prairie Suite 917,Lake Emily,Mississippi,82783,-124.239071,69.6594475
Tyler Cole,67,12723 Jennifer Port,New Robertland,Arizona,85182,71.877596,-70.342202
Kirk Johnson,67,18571 Jones Coves Apt. 130,Rodriguezchester,Indiana,74490,-15.029054,-52.6972335
Albert Stafford,45,7078 Renee Crescent,Rogerfort,Kentucky,03917,41.789225,66.715678
Jason Shields,50,89132 West Circle,Troyport,Rhode Island,24965,-0.679794,-51.861856
Michelle Hart,51,491 Cox Keys,Greenetown,Alaska,39592,-27.358283,81.7405935
Jonathan Ford,41,47290 Green Squares,East Beth,Vermont,00928,19.669242,-14.491521
Toni Vazquez,42,77963 Cole Crossroad Suite 334,Nataliefort,Illinois,83388,154.927863,-64.722079
Veronica Taylor,62,08048 Mary Isle,Jacobfurt,Massachusetts,82744,35.400906,-30.054863
Alan Haney,20,561 Angela Centers Apt. 615,Nancyside,Michigan,38662,-16.836929,84.2533135
Christopher Jackson,21,8039 John Bypass,Hallton,California,77882,-56.064079,-70.2610445
Elizabeth Tanner,46,519 Allen Avenue Apt. 276,East Susan,South Carolina,00986,81.520033,-81.3997995
Samuel Smith,26,79388 Lisa Villages,New Vanessashire,Kentucky,01053,-50.128004,-22.3162005
Michelle Mayo,22,19551 Burke Mountains Suite 319,Dunnmouth,West Virginia,38305,39.541039,-37.9248575
Sherri Phelps,71,21781 Valerie Street Suite 599,Josephport,Arkansas,47715,81.270025,27.1183025
Leslie Mckee,73,761 Ronald Park,South Brian,New York,78473,68.504485,1.4321945
Priscilla Barrera,59,2973 Shelton Mills,New Josephbury,Missouri,75126,13.457964,-10.578810
Robert Miller,62,685 Wells Ferry,Lake Sarahshire,West Virginia,18334,-30.728713,8.9299015
Brian Stevens,44,9870 Hardin Locks Suite 679,Coltonfort,Washington,43612,93.536526,-84.0543115
Shawn Mann,76,729 Brandon Spurs,Mcknightburgh,Florida,03209,40.594625,-84.8835355
Ernest Green,39,0884 Williams Rapid,Forbesfurt,New Jersey,30642,-40.681438,-36.381783
Rodney Pratt,37,8895 Barry Locks Suite 256,South Johnfort,Virginia,35609,-38.981887,43.4352855
Amanda Taylor,50,58195 Cherry Trail Suite 114,Heatherstad,New Hampshire,72577,82.283936,4.001288
Joseph Riddle,75,0125 Rebecca Inlet,North Cindy,Maine,98433,108.274743,-75.083163
Monica Bailey,44,4396 Larry Cliff Apt. 261,Samanthachester,Colorado,56533,131.090403,-1.625545
Anthony Smith,40,17989 Kevin Islands Apt. 280,New Fredville,Delaware,66807,-66.683404,-38.2138325
April Guzman,54,260 Avery Roads,Reynoldshaven,Virginia,81521,-148.516692,-51.0829815
Logan Tran,44,93202 Obrien Skyway Apt. 179,West Kara,Indiana,46311,82.181611,35.549271
Erin Moore,80,9239 Lindsey Flat Apt. 650,Amandachester,Tennessee,70813,161.215066,-56.283830
Evelyn Richardson,26,760 Rachel Stream,Downsfurt,Missouri,61576,-148.237490,-9.239027
Sharon Turner,43,35346 Harrell Green Suite 340,Lake Gabrielmouth,Nevada,91063,36.744414,33.5988925
James Lutz,46,2674 Shelton Squares Suite 415,East Coltonfurt,Missouri,16219,134.509143,5.4007955
Madison Mclaughlin,70,32015 Pearson Ways Apt. 585,Angelicaport,Maryland,03886,72.073494,-73.774483
Connie Pham,42,7586 Christopher Bypass,East Jason,New York,49716,94.444154,60.5205355
Lori Glover,74,02945 Suarez Village Suite 225,Hendersonshire,Alabama,98387,-74.339545,58.4316235
Elizabeth Tran,32,2121 Christopher Common,Jennaborough,Montana,02140,-81.932133,51.1394745
Deanna Owens,49,276 Andrew Walk Apt. 930,Robertsfurt,North Dakota,86266,-178.939200,-69.2007205
Eric Mercado,70,391 Scott Dale Apt. 929,West Micheleville,Virginia,03619,-103.389158,24.379031
Debra Ramirez,36,1985 William Villages Suite 645,Port Thomas,Utah,86167,-28.464409,-28.502679
Alisha Brown,30,5461 Cain Extensions Apt. 734,Markville,Wisconsin,32850,148.118415,-26.161380
Kendra Young,68,554 David Crest Apt. 206,Martinezside,Texas,37290,-76.478902,-26.9665065
Carla Fuller,32,8984 John Fields Suite 665,New Jonathonton,Idaho,86661,28.299985,42.033001
Jaime Rivera,40,27079 Nicholas Lane,Port Stephanieburgh,Indiana,76222,163.941298,-65.5354025
Angela Miller,43,103 Kim Parkways Apt. 812,New Joanmouth,Wyoming,07928,40.464707,32.789818
Leah Allen,24,609 Herrera Lodge,Port Jared,Nevada,17971,6.192914,73.111080
Jamie Jacobson,79,9637 Morales Inlet Suite 655,Robbinsberg,Kentucky,56646,136.972976,12.4817315
James Willis,56,70285 Jennifer Villages,Port James,Wisconsin,50735,176.017468,17.678221
Megan Brown,79,789 Warner Track Apt. 385,Ashleyland,Texas,02897,65.505541,57.0282595
Jasmine Thomas,55,66512 Joanna Walk Apt. 006,Smithchester,New Mexico,96311,-138.362902,-74.3917165
Brittany Lopez,43,8568 Frank Run Apt. 334,Port Shirleychester,North Dakota,69927,-116.788630,16.854759
Brandon Ross,34,638 Alicia Meadow Apt. 175,Claytonstad,Maryland,97788,-152.181107,56.3930835
Beverly Martin,37,1640 Isaac Cove,South Michelleton,Pennsylvania,14184,108.562201,55.1190095
Rita Myers,62,9449 Duran Summit Apt. 369,East Dwayneview,Rhode Island,93748,114.796389,-37.7734635
Katherine Stevenson,26,45198 Rowe Union,West Amy,Oklahoma,84887,141.694640,37.4720385
Sharon Martinez,23,3957 Arias Route Apt. 270,Edwardville,Florida,02018,69.601846,-7.0651215
Michael Lee,62,219 Jaclyn Drives Apt. 623,East Tiffanyborough,Hawaii,32383,111.349681,59.216817
Leah Guerrero,52,35927 Sharon Brook,South Tracy,Montana,58102,17.706610,-56.4161165
Amanda Perez,19,035 Christina Drives Apt. 606,South Ronaldbury,Arkansas,04865,55.728264,33.723460
Michael Manning,38,3582 Susan Lights,Lake Williamport,New Jersey,49899,-36.545658,-57.624456
Christopher Hill,32,05573 Ryan Island,Jamesbury,Louisiana,61410,105.871180,62.8274425
Julie Greene,51,3083 Tricia Wells Suite 953,Johnsontown,Delaware,23291,97.574351,26.9950475
Jesse Wilson,67,3900 Brian Pass Suite 632,New Christophertown,Connecticut,50747,-136.630097,46.9668315
Samantha Davis,78,36178 Johnson Port,Ashleyberg,Alabama,54743,133.101002,-41.141270
Crystal Harris,57,0879 Brock Course Apt. 348,Millerside,Ohio,95562,-171.957286,-15.2327475
Cassandra Wright,55,889 Evans Oval,North Michelle,Kansas,60788,79.074954,19.9463105
Michele Salas,25,2139 Alan Track Apt. 775,West Meredith,Delaware,82503,131.222385,86.319146
Laura Walters,33,1439 Matthew Views Apt. 951,Port Loriberg,South Carolina,85870,56.631843,34.791529
Allen Weber,50,56648 Jessica Ramp,Boydton,Vermont,96520,-56.059301,-58.8198145
Dr. Daisy Delgado MD,56,096 Mary Pike Apt. 038,South Amyberg,Tennessee,21824,13.412401,-13.6924025
Susan English,65,9855 Gonzalez Wall,East Ashleyfurt,Louisiana,16193,-79.707518,24.4317815
Nicholas Elliott,46,66421 Jasmine Fall Suite 870,South Robert,Delaware,93278,-171.485367,56.866561
Cheryl Henry,38,040 Rodgers Corners Apt. 284,North Randallburgh,Colorado,68034,-71.781792,-42.3812415
Annette Ramirez,44,00926 Christine Lake Suite 799,North Casey,Wisconsin,04212,164.762870,52.380334
Matthew Oconnor,18,49350 Danielle Haven,Rileyborough,Vermont,62964,144.580695,65.914041
Kathy Nguyen,37,48429 Rachel Place,Nelsonville,Wyoming,67684,-77.849897,7.3946885
David Stone,75,81796 Connie Lake,West Andrew,Louisiana,48723,50.393086,87.7820255
Kelsey Erickson,37,720 Luna Mall Suite 744,West Kevinville,Tennessee,56494,176.024396,59.7223015
Teresa Mendoza,71,625 Thomas Gardens,East Ian,Texas,73320,67.658960,74.7655245
April Jones,24,920 Walker Trail,Lake Justin,North Dakota,96567,65.239954,4.104115
Jaime Fox,41,92198 Robert Drive,Port Christopher,Maine,88999,-48.277878,16.7293365
Dr. Kevin Henderson,62,8211 Nancy Tunnel,Port Morganmouth,Minnesota,81753,-26.621791,-72.6025735
Mr. Daniel Conrad,38,188 Garrett Points Suite 559,West Elizabethberg,Virginia,30248,-35.837981,-89.4350115
Holly Wright,72,296 Ronald Plains,Castillobury,New Mexico,10981,151.432988,8.135061
Stanley York,23,79691 Juarez Light,Port Maryport,Arkansas,99387,-28.283130,-13.0784795
Paul Riley,65,6581 Miles Orchard Apt. 789,Wrightshire,Massachusetts,85336,-86.085975,-65.746691
Kristin Fields,54,6907 Miller Crossroad,Port Claudiaberg,Louisiana,63908,-53.835411,89.1443455
Meredith Hull,31,35864 Gene Fall,Lake Marcburgh,South Dakota,36476,-75.723144,13.0731855
Joel Hooper,69,411 Brown Center Apt. 907,East Patrick,Wisconsin,60960,-41.232933,-9.204647
Thomas Pruitt,22,55890 Jill Rue Apt. 807,New Marktown,Ohio,51772,-176.517853,-68.1057065
Anthony Todd IV,19,7084 Melissa Point Suite 969,North Robert,Ohio,62264,-24.011957,-33.602671
Donna Haas,39,7896 Cory Estate Apt. 641,Lindafort,Hawaii,34504,-8.312946,-82.676898
Megan Bailey,70,19221 Jennifer Corners Apt. 620,Jonathanchester,Wyoming,84281,-71.664026,57.8429655
Michael Carey,28,00682 Herring Views Suite 228,Contrerastown,Georgia,16262,-174.541274,49.379035
Matthew Ryan,26,37678 Carroll Springs Apt. 736,West Mandyfort,Ohio,84647,88.212451,-63.638351
Sandra Clay,38,2871 Rivera Plains Suite 054,West Jeffreyland,California,32376,-154.406956,78.7677905
Adrian Stein,70,3946 Anderson Estate,New Rachel,Tennessee,78240,-50.553005,86.212208
Angela Anderson,37,865 James Forge,New Courtney,Connecticut,25659,-137.344505,-27.571985
Victor Cunningham,67,5284 Duncan Crescent Apt. 339,Carolshire,Hawaii,44949,-124.982908,-55.1284865
Andrew Simmons,77,2991 Mitchell Curve Apt. 863,Johnsonfort,New York,51041,-138.749021,70.071573
Christopher Gibbs,31,461 Stephanie Common Apt. 632,Leonardside,Montana,49089,144.793065,-38.1030395
Dawn Johnson,69,677 Moore Lock,New Hectorfurt,Hawaii,87076,-25.185117,-46.9891365
Kevin Wright,21,33224 George Canyon,New Joshua,South Carolina,82386,150.316847,41.8425485
Lee Scott,24,47719 Tiffany Burgs,Kellystad,Kansas,68800,-4.943475,31.6626165
Candice Simmons,65,06892 Amanda Parkway,Aprilmouth,Maryland,88232,-131.960890,-87.460063
Mr. William Crawford,40,34230 Thomas Light,Davidside,Oregon,21971,-139.685088,-76.1038095
Sarah Barker,19,53208 Megan Fall,Ericatown,Utah,67131,93.527600,-47.737999
Bethany Middleton,70,8644 Michelle Villages Apt. 977,Carrollfort,Minnesota,23351,111.872408,18.887641
Bob Abbott,75,98130 Perez Fall,North Ericaville,Colorado,21745,119.704606,2.0932255
Daniel White,76,18050 Gonzalez Estate Suite 528,New Matthew,Florida,20309,18.965180,-22.208041
Judith Wiley,37,17431 Calvin Flats,Krauseland,Iowa,99430,-106.940075,15.4365555
Darren Walker,58,985 Joseph Squares Apt. 710,Lake Theresa,North Carolina,49735,45.082263,-76.7638355
Shawn Sanchez,63,9688 Charles Turnpike Apt. 131,Lawrenceborough,Utah,13708,-39.268075,6.6522955
Michele Pratt,22,2127 Moyer Courts Apt. 579,Grahamfurt,Wyoming,43476,-176.610907,66.261921
Katie Peterson,49,731 Jenny Islands Apt. 271,Deborahshire,Alabama,82261,154.985382,-61.726561
Mr. Robert Dickson,23,9149 John Tunnel,North Jenna,Tennessee,03208,171.102691,-74.392513
Norman Cook,72,07375 Dana Rest Suite 747,Port Joshuaview,North Dakota,39163,85.871457,-19.6472585
Matthew Gomez,33,898 Lee Common Suite 548,North Melissa,New Jersey,44382,-28.154878,-29.2288985
Sydney Berry,78,92707 Gonzalez Loop,Davisport,Nebraska,30043,177.676379,74.371776
James Mclaughlin,49,20060 Yang Trail Suite 993,Lawsonmouth,Florida,04932,-17.806426,13.819446
Diana Cole,80,72721 Castillo Plaza,Hubbardchester,Montana,40672,28.487992,-86.1461915
Ryan Gonzalez,72,21542 Jennifer Viaduct,Leeside,New Hampshire,58955,161.423729,31.9774065
Tom Pittman,75,177 Leach Freeway Apt. 505,New Sheliatown,Idaho,07566,-137.511202,73.271130
Jason Garcia,22,550 Phillips Drives Suite 250,Mcdonaldville,Washington,70821,157.909468,-84.808474
James Garcia,57,26497 Glenn Trace,Starkside,Utah,88765,-126.955140,-49.792054
Melinda Moyer,53,81421 Joseph Meadow,New Brandonport,New York,26974,77.912670,9.4690825
Kathy Mendoza,47,72316 Haney Park Apt. 605,Lake Donna,South Carolina,90783,-27.279905,40.669864
Thomas Jones,66,880 Anderson Locks Apt. 682,Torresstad,Vermont,97806,149.933990,47.2182525
Steven Cole,64,13067 Mcintosh Village,Zimmermanburgh,Kentucky,02423,113.569238,66.2652645
Vincent Mcguire,47,3530 Goodman Path Suite 503,Bowerstown,South Carolina,56196,-113.582839,44.570047
Mrs. Jamie Merritt,39,900 Kent Falls,North Richard,Virginia,21066,136.016733,49.065197
David King,51,166 Garcia Canyon Apt. 894,New Stephanie,Kansas,74780,-28.085570,21.095581
Timothy Sherman,47,3906 Jackson Extensions Apt. 167,New Lisa,Indiana,32251,-44.034247,46.597892
David Johnson,72,996 Andrew Cliffs Suite 989,East Katieton,Missouri,58153,-156.945492,-30.194731
Cody Jones,20,7293 Martin Corner Suite 286,Wilsonton,Wisconsin,65807,118.617698,48.923298
Ryan Brown,59,501 Sexton Drive,Schroederhaven,Wyoming,96602,132.953812,34.6367375
Eric Ramos,73,02247 Hernandez Ramp Apt. 921,Brownchester,Nebraska,47918,-113.725667,-52.1078485
Erin Anderson,33,7579 Jason Causeway Apt. 047,New Sherriberg,Delaware,55064,-49.101805,-4.8386425
Jason Butler,76,81816 Ryan Views,East Sandyport,Virginia,37779,102.102865,19.348302
Sharon Powell,25,69689 Cain Squares,South Diana,Maine,94427,-167.178989,-61.487351
Andrew Hoffman,23,956 Peterson Roads,South Jennifer,Kentucky,77166,-171.170923,-82.331076
Robert Small,41,65001 Rodriguez Summit,Port Brookefort,Wisconsin,38374,-0.720036,20.3608545
Garrett Smith,31,1573 Wong Ferry Suite 821,Troybury,Massachusetts,18078,62.867367,-2.158947
Cynthia Elliott,63,2939 Derek Pine,New Jennifer,Minnesota,19425,100.557529,12.862643
Heather Davis,22,8701 Sheppard Crossroad,Alexisborough,South Dakota,04787,159.538354,-43.4503715
Rhonda Castaneda,40,36755 Carroll Lakes,Brandonborough,Washington,51050,110.088573,8.789983
Shannon Diaz,27,5062 Henry Junctions Suite 746,North Kathrynmouth,South Carolina,45037,137.698845,63.8694075
Todd Werner,68,6817 Long Mountain,Henryview,Massachusetts,36749,115.239407,-88.460770
Sarah Aguirre,34,48377 Mathews Neck,Riveramouth,Texas,26297,107.833225,14.1843405
Bobby James,59,5476 Duke Lane Suite 082,Jamieville,Missouri,25380,154.511227,-12.704743
Joseph Lewis,36,290 Smith Vista Suite 155,Nelsonhaven,Arizona,84646,-127.913638,32.911504
Natalie Braun,41,27960 Amy Harbors Apt. 463,Chasestad,Ohio,93208,124.242329,-24.8194035
Michael Williams,33,9543 Gibbs Key Suite 358,Lopezchester,Indiana,81552,-158.370468,-20.320265
James White,49,3647 John Skyway Suite 112,Lake Robert,New Mexico,47496,49.423362,23.9852285
Christopher Ortiz,25,87807 Ruiz Light,West Marcus,West Virginia,42067,-133.699022,-22.9763895
Yvonne Meza,80,522 Young View Suite 709,Smithfurt,Mississippi,07647,90.208119,26.2250855
Alejandro Doyle,75,743 Rowe Lodge Suite 626,Port Tiffanyborough,Nebraska,67611,112.045869,12.3037045
James Lara,58,71472 Scott Wall Suite 003,Lake Katherine,North Dakota,88786,132.816494,-77.558348
David Jackson,35,5910 Betty Village,Lake Charles,Alabama,85058,124.722835,21.025732
Jeffrey Garcia,18,872 Vincent Roads Apt. 716,Rachelshire,South Carolina,42749,-91.436536,64.813244
Angela Harris,72,2179 Barbara Rapid,Jasonborough,Louisiana,61841,38.019142,48.4993985
Michael Anderson,53,86198 George Underpass Suite 164,South Brianshire,Iowa,80055,88.091261,-76.7866315
Robert Beard,66,9083 Donald Ways,New Tracychester,Pennsylvania,67676,-149.691647,86.532760
Natasha Simpson,39,68237 Cynthia Haven,Johnsonmouth,Wisconsin,97301,149.309726,7.2821995
Anthony Garcia,71,64534 Newman Mews Suite 318,Port Rebeccaton,Mississippi,67435,-23.605803,42.0957045
Terri Sellers,69,32102 Jose Drives Apt. 525,Changshire,Montana,14432,-90.552101,-58.688640
Jessica Wright,64,351 Jordan Throughway,Port Maryside,Michigan,32842,-173.938690,31.1292285
Nicholas Hoffman,76,200 Peter Court Apt. 171,Rebeccahaven,New York,73730,-139.277850,-76.3510515
Frank Camacho,36,686 Hall Rapids Apt. 935,Lake Amandatown,Utah,65523,49.282042,74.004623
Katherine Barnes DVM,44,622 Stephanie Club Suite 080,Cortezfurt,New Jersey,90415,-160.794227,-2.832413
Stacy Simon,75,90756 Henderson Junctions,Port Christinehaven,New Mexico,48267,-168.442514,-59.267809
Janet Gonzales,40,901 Amber Ranch Suite 246,West Wayne,Wisconsin,77278,-1.845423,63.2218645
Andrea Johnston,34,9321 Sandra Locks,West Michaelfort,New York,54037,22.539001,82.242667
Susan Preston,32,014 Brian Fork,Sherifort,Utah,73358,-155.173787,-25.2835075
Brent Mclean,40,9500 Nguyen Avenue,Rangelberg,Kansas,06481,-4.775610,-20.122863
Patricia Adkins,18,1114 Christopher Loaf,Holtside,Iowa,52295,83.421484,9.6969865
Brian Kim MD,47,449 Anthony Bypass Suite 758,Henryland,Wisconsin,02425,-153.990501,-28.280019
Jacob Garcia,38,5641 David Meadow Apt. 154,Hardingtown,Massachusetts,26426,-157.926159,-11.9835965
Jose Nunez,35,130 Adam Islands,Jasonview,Illinois,11914,-8.386432,-36.202143
Brian Peck,67,795 Gomez Brook,North Jacobside,Texas,43764,-75.269379,-20.9510195
Virginia Mcintosh,41,698 Payne Rest Apt. 433,Stewartton,Pennsylvania,65961,63.086856,-74.4825635
Dorothy Brown,33,836 Justin Trail Apt. 370,Dianemouth,New York,50181,82.146696,78.6832105
Justin Vargas,67,64712 Gray Causeway,Lake Alexander,Hawaii,84912,163.420871,-46.694707
Donna Miles,22,76268 Sarah Oval Apt. 726,Murrayfort,Kentucky,64577,-87.779172,-76.5736555
Courtney Osborne,76,078 David Coves Suite 678,Judithton,Pennsylvania,97500,160.624428,-79.6832745
Adam Terry,59,20659 John Extensions Suite 314,Baileytown,Connecticut,54994,34.679507,-12.7347885
Sabrina Watts,53,092 Frank Views,Danielstad,Connecticut,10007,-98.303774,-43.944732
William Dunlap,35,790 James Corner,Jenningsbury,Massachusetts,32567,18.225938,84.338258
Richard Mitchell,50,8186 Hamilton Canyon,South Jenniferfurt,Alabama,40736,-135.400765,-88.1984215
Tim Castillo,73,12372 Sarah Hollow,Fernandezview,Missouri,92148,-122.125656,-31.894286
Christine Stokes,69,5504 Watson Springs,East Hollychester,Ohio,22378,-156.626889,59.568869
James Taylor,34,071 Christine Forks,Robertfurt,Maryland,56743,49.019593,-66.2695675
Kayla Frey,55,85332 Sue Trail Apt. 087,North Andreafort,Florida,78429,-138.746346,73.586962
Katherine Garza,18,916 Matthew Summit Apt. 430,Port Danielstad,Vermont,15416,-105.196303,85.7626475
Michael Evans,58,48190 Joseph Green Suite 221,Port Pamborough,Illinois,20573,-146.267396,-8.6983965
Jill Brown,47,19786 Kristin Glens,South Sergiotown,Ohio,70007,71.271771,-22.086365
Andrew Solis,20,609 Jillian Falls Apt. 294,North Tracihaven,Ohio,60408,151.529844,48.5259565
Stephen Smith,72,83521 Ann Glen Suite 268,East Denise,Florida,10629,149.967510,-26.475008
Kathleen Carroll,31,11142 Matthew Loaf Apt. 584,South Michellechester,Pennsylvania,17273,166.205300,-54.268184
Jane Martinez,72,5662 Cathy Lane Suite 647,West Jessefort,Nevada,35433,123.655674,-9.914589
Michelle Moore,48,9005 Valenzuela Rue Suite 356,East Adam,Kansas,88051,57.878620,-13.0810345
Sara Hart,48,203 Myers Track,Villafort,Arkansas,04464,66.114431,82.9897665
Carol Blair,69,86057 Vasquez Islands,Christinafurt,Delaware,98401,-23.153360,-75.702712
Taylor Lee,23,45655 Rich Ridges,Jameschester,New Hampshire,77040,95.986211,49.973209
Kelly Boyd,26,823 Mitchell Green Suite 166,West Sarafurt,Mississippi,86263,-115.779480,-23.0704115
William Stewart,40,137 Clark Common,Anntown,Tennessee,67712,-8.439883,-17.9408705
Susan Mills,46,76907 Caroline Lights Apt. 918,New Denise,Maryland,23495,-102.785078,37.809590
Dakota Mcdaniel,70,6116 Fitzgerald Turnpike Apt. 128,East Edward,Connecticut,37431,174.659240,33.3108575
Jane Ellis,62,578 Cohen Pine Apt. 443,New James,Nebraska,91167,-37.606187,-6.9648345
Michael Thompson,75,75803 Aaron Summit,Austinhaven,Florida,25732,24.013091,-6.175102
Melinda Beck,19,66471 Moore Light Suite 550,Courtneyland,Montana,37649,-134.829853,-81.6411595
Samantha Campbell,32,84381 Stephen Ridges,Rayburgh,Nebraska,89140,139.983580,-11.974704
Nicholas Sullivan,44,001 Christopher Trail Apt. 003,East Jackiemouth,Arizona,40888,-144.928561,-26.442205
Mrs. Haley Pearson,79,892 Jessica Light Suite 278,Katherineshire,Nevada,65640,-167.995705,-52.350036
Donna Mays,62,5165 Green Place Suite 105,Nicholsside,Arizona,28980,-175.938609,-71.8169505
Robert Knapp,77,9114 Roy Trail,East Paulland,Hawaii,26233,32.174585,-72.5374485
Jennifer Ramirez,48,125 Rios Locks Apt. 651,Davidport,Washington,98918,65.605525,-28.070440
Jason Atkinson,28,525 Raymond Bypass,Lake Victoria,Indiana,03531,-43.468671,-15.5194875
Yolanda Guzman,33,24162 Hogan Mount Apt. 926,Ericaport,Kentucky,04807,46.118862,20.6340495
Robert Moyer,44,7411 Madison Lane,Port Clinton,Idaho,11282,-89.196355,-77.669668
Sheena Johnson,35,4343 Melissa Prairie,Brookston,Tennessee,69857,135.125926,-38.214478
Leslie Young,80,8879 Robertson Groves,South Chris,California,24756,-33.286030,-66.784879
Tiffany Adams,25,16808 Young Mills Suite 893,New Dean,Maryland,90841,-166.508378,-41.511617
Charles Stevens,19,1075 Jerry Mill,South Austin,West Virginia,97424,114.762384,45.1180735
Thomas Alexander,23,603 Johnson Point,Seanburgh,Alaska,53846,-23.801669,-40.2418355
Ashlee Martin,75,25683 Ramirez Creek,Elizabethbury,Nebraska,70240,26.480562,42.146315
Jeremy Figueroa,46,502 Eric Orchard Apt. 434,East Crystal,North Dakota,02916,146.730065,16.820709
Beth Scott,54,738 Terrance Forks,Deborahmouth,Florida,88916,-48.859801,4.662023
Donald Contreras,30,04734 Jeffrey Mews Suite 973,Jamesfort,Louisiana,76005,114.922887,-50.559019
Dustin Graves,41,8777 Alisha Mountain,Karichester,Connecticut,42091,-8.212287,42.577209
Robert Bell,19,690 Alison Ridge,South Lisashire,Kansas,19595,21.341183,49.710964
Michael Williams,73,643 Glover Harbors,Judithborough,Oklahoma,43239,-21.397138,18.064864
Rachel White,76,5245 Christopher Ville Suite 738,Erikmouth,Wyoming,96910,-48.910647,-6.5726575
Larry Wood,80,602 Alexander Trace Apt. 363,North Blake,Rhode Island,49355,-159.125471,-88.007075
Travis Bailey,62,91605 Hansen Ford,South Amber,Hawaii,19029,91.848842,0.791969
Daryl Rhodes,43,8057 Hampton Mountains Suite 396,Fowlerhaven,Georgia,45699,130.674836,13.660913
Brianna Armstrong,30,1458 Williams Field Suite 334,South Marcus,Florida,05963,93.875801,-32.947659
Jeremy Harris,52,607 Christina Divide,East Francis,Florida,00653,-99.015076,-62.385883
Crystal Ramos,50,373 Perkins Creek Apt. 689,Lake Bruce,Delaware,70617,-26.009388,59.0515495
Christopher Barnes,34,69550 Leach Wells Apt. 526,Jamesberg,Connecticut,88922,-178.890051,-11.240686
Amber Stevenson,46,82714 Gregory Path Apt. 493,Robertshire,Indiana,39766,64.244508,68.8658365
Morgan Torres,67,4759 Sellers Cape,Port Jessicachester,Iowa,58790,-7.288852,-10.3892325
Patricia Oconnell,43,9402 Massey Port,North Adamfort,Texas,42804,-27.712151,24.2684745
Deborah Gray,39,8866 Miller Circles,Bushborough,West Virginia,31786,-140.766679,-39.410000
Teresa Finley,53,479 Shannon Road,Kevinchester,Oregon,19548,-54.516379,-83.7940125
Shannon Carr,28,55744 Hunter Pass Suite 277,Lake Gary,Michigan,61837,53.606149,81.190566
Shane Walls,65,08233 Kidd Garden Suite 650,Williamsmouth,North Carolina,17171,-139.862124,-63.432620
Anthony Mcdonald,75,25910 Bailey Mountains,Turnerfurt,Alaska,26678,139.390729,41.5734115
Sheila Ruiz,77,0265 Vincent Common Suite 905,Lake Edwardland,Ohio,37742,-86.771673,-6.751277
Christine Shannon,39,1635 Lewis Terrace,East Sara,West Virginia,84822,133.140028,-13.6677195
Debbie Berry,30,96455 Andrea Squares Suite 432,New Lauraport,Louisiana,90324,50.835333,59.890885
Heidi Roach,21,66070 Christopher Lodge,Kayleetown,Oklahoma,90921,55.301956,-20.523838
Christopher Hendrix,43,0020 Natasha Drives,Tarachester,Pennsylvania,36632,95.017199,-10.146429
Kyle Weaver,57,6821 Brady Bridge,Welchshire,South Carolina,46636,-122.164954,-87.594254
James Robinson,23,3945 Suzanne Place Suite 387,New Krista,Pennsylvania,17853,158.456662,-14.6487655
Peter White,37,5533 Jessica Ways,Roblesview,Arizona,22861,0.636150,-35.032292
Brittney Herrera,45,224 Taylor Row,Gonzalezview,California,37022,-140.648437,86.2927585
Heather Holmes,40,95193 Jerry Road Apt. 813,East Deanna,Ohio,31255,104.407106,45.4899625
Nicole Morales,31,481 Johnson Hills,Port Jamie,Mississippi,63349,-92.304918,-59.3392185
Zachary Chan,43,6131 William Station Apt. 931,West David,North Dakota,06190,-153.373236,82.873165
Kristina Mclean,74,69121 John Tunnel Suite 658,Port Shannonmouth,Minnesota,81052,7.848197,-48.2554455
Gary Mcconnell,26,58531 Nathan Trafficway,Port Alanborough,Indiana,52761,-130.665661,21.6104405
Philip Barrera,73,19969 Sarah Mill Suite 679,Lake Elizabethbury,Illinois,86270,123.801408,-53.1189015
Lauren Moore,43,4415 Jamie Greens,New Allenview,Montana,68709,-133.743921,22.585285
Matthew Simon,74,069 Christopher Centers,Youngport,Florida,08441,149.376342,-66.0381315
Mr. Douglas Reed,44,94655 Gray Plaza Suite 071,East Saraside,Rhode Island,79428,101.248306,16.105205
Nancy Walker,79,88485 David Avenue Apt. 094,Frenchfurt,Washington,84420,-18.044954,-81.0176865
Daniel Pittman,37,696 Olsen Point Apt. 493,Melissamouth,Pennsylvania,17227,-106.183388,37.724396
Laura Ferguson,44,646 Porter Ports,East Dennismouth,New Jersey,75264,-105.397860,55.1367025
Tammy Williams,78,76093 Matthew Plains,West Mariotown,Wisconsin,08232,73.449916,12.166185
Brian Miller,45,73716 Thomas Locks Apt. 877,Wanghaven,Oklahoma,86369,-13.718963,33.6417405
Alexander Horton,19,9863 Ellison Walk,Robertsstad,Indiana,63807,173.136978,1.753683
Roger Walker,52,0563 Jessica Brooks,New Matthew,Michigan,97632,78.665743,81.5130195
Chad Fowler PhD,19,5652 Wiley Causeway,Port Diana,Wyoming,08223,-96.860931,71.7518495
Jonathan Moore,39,0099 Houston Lights,East Michaelview,Illinois,22965,-31.801845,-30.882135
Raymond Hall,58,4814 Odonnell Mission,Seanmouth,Georgia,00797,-103.385268,-85.2450835
Vanessa Norman,40,11003 Marshall Mill Suite 863,Laurenstad,Tennessee,23693,93.371535,-84.8577795
David Yoder,20,25346 Walker Mountain,West Eric,Tennessee,50451,-163.597782,-34.1793375
Melissa Pugh,35,398 Roy Square Suite 828,Coreychester,Indiana,82972,-100.875357,-29.1057945
Kelsey Blanchard,20,06464 Underwood Club,Johnsonview,Hawaii,96281,-6.502596,-44.7846565
Brandon Cummings,61,6357 Nichols Highway Suite 530,New Jeffrey,West Virginia,10545,-170.367716,-39.6188595
James Anthony,48,905 Hughes Parkway,South Tamara,Oregon,24574,-166.947252,-13.5518885
Susan Morrow,36,19344 Nelson Isle Apt. 505,West Melissa,South Carolina,91955,-130.274945,29.608311
Gordon Summers,41,495 Greene Ridges,Davisborough,Georgia,88470,132.550231,-62.868650
Becky Cabrera,20,25485 Mills Burg,Lake Graceland,Maine,17896,-5.661920,64.3899935
Derek Miller,41,9266 Jorge Camp,Draketon,Oregon,86965,123.230107,10.5297515
Christina Le,40,4845 Lynn Hollow Apt. 850,Paulville,California,60284,125.176952,3.9626315
Kelly Jimenez,32,8706 Donald Forges Suite 748,Rachelport,Nevada,18686,29.504187,77.447638
Casey Munoz,76,483 Merritt Pine Apt. 979,New Michaelstad,Rhode Island,85531,125.566644,83.5392625
Michael Chavez,79,851 Perry Plaza,Chambersbury,Nevada,95879,-160.735370,74.320121
Charles Rollins,51,831 Barry Passage Apt. 197,Wongshire,Oregon,70953,149.785334,17.7397905
Randall Jones,61,35361 Kellie Cove Suite 064,New Carlymouth,New Hampshire,72592,93.156752,25.870432
Rebecca Buck,31,60739 Erik Forest Suite 791,Jameschester,Indiana,72413,70.107878,9.647938
Julia Anderson,47,5824 Hoffman Crescent,Goldenberg,New Mexico,57616,-102.673424,62.290146
Daniel Wolfe,57,1219 Kenneth Field Suite 649,Cathystad,South Carolina,05258,-135.760278,-38.242886
Alexandra Moss,66,7567 Martin Park Suite 180,Lake Cindy,Washington,67477,113.282908,37.610104
Meredith Hernandez,43,170 Oneal Port,Port Aaronmouth,Alaska,81491,-125.089258,24.1219375
Travis Pennington,30,004 Charlene Brook Apt. 570,Carloshaven,Missouri,33886,75.578594,33.1474125
Catherine Hurley,39,891 David Hollow Suite 756,Jessicamouth,New Jersey,48042,-111.598723,-16.1550485
Sarah Harmon,73,96786 Savannah Hills,East Kenneth,Indiana,49818,-67.634583,54.562055
Timothy Shaw,50,781 Paul Overpass Apt. 072,Kaylaton,Alabama,94277,161.222173,-89.4137665
Mr. Adam Garcia,59,340 Armstrong Mountains Suite 957,Zhangport,Virginia,63661,60.904581,67.794319
Joseph Frazier,69,487 Mullins Ramp,North Shawnland,Maryland,03332,81.571639,-85.7063025
Andrew Scott,50,6211 Rachel Ridges,East Devinport,South Dakota,57555,-130.159793,13.3823165
Michael Evans,66,0609 Louis Avenue Apt. 789,Ortizshire,Indiana,70120,159.464088,-42.435886
Alexis Evans,19,582 Mark Roads Suite 809,South Christina,Utah,20776,-56.883389,47.1101435
Bryan Becker,18,489 Michelle Estates Suite 006,Port Paul,Indiana,79863,101.449474,-70.185385
Alan Bullock,32,7055 Samantha Creek Suite 704,East Aaron,Hawaii,32138,-111.477460,-84.313415
Laura James,54,881 Jones Corners,South Vincentview,South Dakota,26646,-145.942033,34.212250
Suzanne Wood,48,057 Sue Hollow,North Kristaton,Virginia,13285,134.232889,-87.9657835
Haley Gonzalez,38,3081 Kayla Island Apt. 773,Lake Alyssa,Colorado,99072,9.126609,-44.642406
Melinda Obrien,19,1415 Klein Hill Suite 171,Rachelville,Tennessee,61007,58.000381,-34.886915
Aaron Richmond,36,5692 Rodriguez Vista Suite 385,West Larryside,Colorado,12956,-82.527509,-28.6830105
James Flores,79,19605 Mitchell Wells Suite 857,Nelsonstad,Florida,24633,-52.406012,-20.0531635
Belinda Bailey,63,762 Alvarez Vista Suite 402,Anthonyfurt,New Mexico,80933,-75.676438,-10.4249875
Kathryn Brown,27,13956 Laura Summit Apt. 352,North Zachary,Maryland,41114,94.774905,-49.2254665
Wendy Meyer,67,9872 Miguel Falls Apt. 459,Mosshaven,Pennsylvania,10923,107.303614,1.9559905
Dr. Kristopher Hamilton,65,2903 Amanda Avenue,Ramseyfurt,Alaska,02919,-107.057376,33.4864225
Mathew Mcclain,39,3359 Fernandez Plain,Moyerville,New Mexico,90408,123.403468,-5.559255
Felicia Jones,26,5425 Herrera Fields,East Brian,Wyoming,50617,-148.392509,-8.112773
Sandra Cook,29,451 Kelly Club,South Jason,Rhode Island,16661,6.708545,-12.1889495
Alan Henderson,55,117 Nathan Summit Apt. 582,Powerston,Maryland,33456,27.387254,-54.4782005
Lisa Ortiz,45,293 Wilson Garden Apt. 059,East Stevenhaven,South Carolina,92501,6.083570,52.6285825
Sharon Harris,37,0540 Chelsey Bridge,West Kelsey,Mississippi,85505,-128.951193,50.6581355
Jessica Thomas,66,130 Buchanan Falls,Port Kevin,South Carolina,11345,112.111531,69.087051
Christopher Woods,59,1517 Jackson Mill Apt. 623,New Cynthiashire,West Virginia,71442,10.156436,31.971019
Matthew Chavez,43,740 Cobb Canyon,New Annmouth,North Dakota,42723,152.363210,-62.7573375
Brian Wilson,40,64417 Thomas Island,Lake Alice,Iowa,79495,-25.817971,-60.727835
Cynthia Morris,41,4912 Nichols Harbor Suite 520,Ronaldtown,Virginia,52718,56.004506,-87.4914665
Nicole White,33,6767 Jacob Port Apt. 569,Bakertown,Montana,07241,-140.371661,-11.0840915
Patrick Moreno,62,59689 Michael Trafficway Apt. 663,Whitneymouth,California,00890,134.636137,53.4104025
Tyler Dunn,75,215 Kristen Lock,Palmerberg,Florida,82011,89.015885,-17.588959
Thomas Wright,63,089 Andrew Trail Suite 457,Donnaville,Michigan,21241,-113.790174,-60.6299025
Michael Walker,27,441 York Green,Knappville,Pennsylvania,25401,-22.600096,42.9811425
Julia King,47,4992 Elizabeth Fall Suite 217,Maryside,Maryland,07803,80.150949,73.246059
Donald Berry,64,71150 Gonzalez Ville Apt. 725,Whiteside,Oklahoma,88683,-16.126550,-60.691133
Dr. Lindsay Rodriguez PhD,61,7549 Mary Path Suite 452,Lovemouth,California,26558,94.108176,-38.046265
Annette Jordan,40,768 Christina Villages,West Heathermouth,Kentucky,72877,142.382036,28.922694
Perry Campbell,24,19065 Jennifer Key,Tinatown,Colorado,90639,-54.431537,44.262024
Robert Brown,67,618 Foster Forks Suite 169,Brownfort,Virginia,85795,-24.756966,3.720158
